Country,Year,Status,"Life expectancy","Adult Mortality","infant deaths","percentage expenditure",Measles,BMI,"under-five deaths",Polio,Diphtheria,HIV/AIDS,GDP,"thinness  1-19 years","thinness 5-9 years",Schooling,Row_ID
Afghanistan,2022,Developing,65,263,62,71.3,1154,19.1,83,6,65,0.1,584,17.2,17.3,10.1,1
Afghanistan,2021,Developing,59.9,271,64,73.5,492,18.6,86,58,62,0.1,613,17.5,17.5,10,2
Afghanistan,2020,Developing,59.9,268,66,73.2,430,18.1,89,62,64,0.1,632,17.7,17.7,9.9,3
Afghanistan,2019,Developing,59.5,272,69,78.2,2787,17.6,93,67,67,0.1,670,17.9,18,9.8,4
Afghanistan,2018,Developing,59.5,275,71,7.1,3013,17.2,97,68,68,0.1,64,18.2,18.2,9.5,5
Afghanistan,2017,Developing,58.8,279,74,79.7,1989,16.7,102,66,66,0.1,553,18.4,18.4,9.2,6
Afghanistan,2016,Developing,58.6,281,77,56.8,2861,16.2,106,63,63,0.1,446,18.6,18.7,8.9,7
Afghanistan,2015,Developing,58.1,287,80,25.9,1599,15.7,110,64,64,0.1,373,18.8,18.9,8.7,8
Afghanistan,2014,Developing,57.5,295,82,10.9,1141,15.2,113,63,63,0.1,370,19,19.1,8.4,9
Afghanistan,2013,Developing,57.3,295,84,17.2,1990,14.7,116,58,58,0.1,273,19.2,19.3,8.1,10
Afghanistan,2012,Developing,57.3,291,85,1.4,1296,14.2,118,58,58,0.1,25,19.3,19.5,7.9,11
Afghanistan,2011,Developing,57,293,87,15.3,466,13.8,120,5,5,0.1,219,19.5,19.7,6.8,12
Afghanistan,2010,Developing,56.7,295,87,11.1,798,13.4,122,41,41,0.1,199,19.7,19.9,6.5,13
Afghanistan,2009,Developing,56.2,3,88,16.9,2486,13,122,36,36,0.1,188,19.9,2.2,6.2,14
Afghanistan,2008,Developing,55.3,316,88,10.6,8762,12.6,122,35,33,0.1,118,2.1,2.4,5.9,15
Afghanistan,2007,Developing,54.8,321,88,10.4,6532,12.2,122,24,24,0.1,115,2.3,2.5,5.5,16
Albania,2022,Developing,77.8,74,0,365,0,58,0,99,99,0.1,3954,1.2,1.3,14.2,17
Albania,2021,Developing,77.5,8,0,428.7,0,57.2,1,98,98,0.1,4576,1.2,1.3,14.2,18
Albania,2020,Developing,77.2,84,0,430.9,0,56.5,1,99,99,0.1,4415,1.3,1.4,14.2,19
Albania,2019,Developing,76.9,86,0,412.4,9,55.8,1,99,99,0.1,4248,1.3,1.4,14.2,20
Albania,2018,Developing,76.9,88,0,437.1,28,55.1,1,99,99,0.1,4437,1.4,1.5,13.3,21
Albania,2017,Developing,76.2,91,1,41.8,10,54.3,1,99,99,0.1,494,1.4,1.5,12.5,22
Albania,2016,Developing,76.1,91,1,348.1,0,53.5,1,98,98,0.1,4114,1.5,1.6,12.2,23
Albania,2015,Developing,75.3,1,1,36.6,0,52.6,1,99,99,0.1,438,1.6,1.6,12,24
Albania,2014,Developing,75.9,9,1,32.2,22,51.7,1,99,98,0.1,363,1.6,1.7,11.6,25
Albania,2013,Developing,74.2,99,1,3.3,68,5.8,1,97,97,0.1,35,1.7,1.8,11.4,26
Albania,2012,Developing,73.5,15,1,27,6,49.9,1,97,98,0.1,279,1.8,1.8,10.8,27
Albania,2011,Developing,73,17,1,221.8,7,48.9,1,98,97,0.1,2417,1.8,1.9,10.9,28
Albania,2010,Developing,72.8,18,1,14.7,8,47.9,1,97,97,0.1,190,1.9,2,10.7,29
Albania,2009,Developing,73.3,15,1,104.5,16,46.9,1,98,98,0.1,1454,2,2.1,10.7,30
Albania,2008,Developing,73.6,14,1,96.2,18,46,1,97,97,0.1,1327,2.1,2.1,10.6,31
Albania,2007,Developing,72.6,11,1,91.7,662,45,1,97,97,0.1,1176,2.1,2.2,10.7,32
Algeria,2022,Developing,75.6,19,21,0,63,59.5,24,95,95,0.1,4133,6,5.8,14.4,33
Algeria,2021,Developing,75.4,11,21,54.2,0,58.4,24,95,95,0.1,548,6,5.8,14.4,34
Algeria,2020,Developing,75.3,112,21,544.5,25,57.2,24,95,95,0.1,5472,5.9,5.8,14.4,35
Algeria,2019,Developing,75.1,113,21,555.9,18,56.1,24,95,95,0.1,5565,5.9,5.8,14.4,36
Algeria,2018,Developing,74.9,116,21,509,112,55,24,95,95,0.1,5432,5.9,5.8,14,37
Algeria,2017,Developing,74.7,119,21,430.7,103,53.9,24,95,95,0.1,4463,5.9,5.8,13.6,38
Algeria,2016,Developing,74.4,123,20,352.1,107,52.8,23,94,95,0.1,3869,6,5.9,13.1,39
Algeria,2015,Developing,74.1,126,20,43.1,217,51.8,23,92,93,0.1,495,6,5.9,12.6,40
Algeria,2014,Developing,73.8,129,20,320.3,0,5.8,23,95,95,0.1,3935,6,5.9,12.3,41
Algeria,2013,Developing,73.4,132,20,270.2,944,49.8,23,95,95,0.1,3465,6.1,6,12.3,42
Algeria,2012,Developing,72.9,136,19,2.5,2302,48.9,22,88,88,0.1,31,6.1,6,12,43
Algeria,2011,Developing,72.3,14,19,220.4,3289,47.9,23,86,86,0.1,2599,6.2,6.1,11.7,44
Algeria,2010,Developing,71.7,146,20,25,15374,47,23,87,87,0.1,294,6.3,6.1,11.5,45
Algeria,2009,Developing,71.6,145,20,148.5,5862,46.1,23,86,86,0.1,1774,6.3,6.2,11.1,46
Algeria,2008,Developing,71.4,145,20,148,2686,45.3,24,89,89,0.1,1733,6.4,6.3,10.9,47
Algeria,2007,Developing,71.3,145,21,154.5,0,44.4,25,86,86,0.1,1757,6.5,6.4,10.7,48
Angola,2022,Developing,52.4,335,66,0,118,23.3,98,7,64,1.9,3696,8.3,8.2,11.4,49
Angola,2021,Developing,51.7,348,67,24,11699,22.7,101,68,64,2,479,8.5,8.3,11.4,50
Angola,2020,Developing,51.1,355,69,36,8523,22.1,105,67,77,2.3,485,8.6,8.5,11.4,51
Angola,2019,Developing,56,358,72,256.1,4458,21.5,110,75,75,2.6,4598,8.8,8.6,10.3,52
Angola,2018,Developing,51,361,75,239.9,1449,21,115,73,71,2.5,4299,8.9,8.8,9.4,53
Angola,2017,Developing,49.6,365,78,191.7,1190,2.4,121,81,77,2.5,3530,9.1,9,9,54
Angola,2016,Developing,49.1,369,81,212.9,2807,19.8,127,63,6,2.5,3348,9.3,9.2,8.5,55
Angola,2015,Developing,48.7,371,84,249.9,265,19.3,133,65,69,2.6,3869,9.5,9.4,8.1,56
Angola,2014,Developing,48.2,375,87,184.8,1014,18.8,138,75,73,2.6,2879,9.6,9.6,7.7,57
Angola,2013,Developing,47.7,381,90,25.1,765,18.2,143,36,34,2.5,262,9.8,9.7,7.2,58
Angola,2012,Developing,47.4,382,92,98.2,258,17.7,148,39,38,2.6,1444,1,9.9,6.8,59
Angola,2011,Developing,47.1,386,94,8.9,29,17.2,152,4,4,2.5,142,1.2,1.1,6.4,60
Angola,2010,Developing,46.8,388,95,35.9,1196,16.8,155,4,4,2.4,780,1.4,1.3,5.9,61
Angola,2009,Developing,46.5,391,96,24,11945,16.3,157,37,41,2.3,711,1.5,1.5,5.5,62
Angola,2008,Developing,45.7,44,97,30.4,9046,15.8,159,41,38,2.1,526,1.7,1.7,5.1,63
Angola,2007,Developing,45.3,48,97,15.9,2219,15.4,160,3,28,2,555,1.9,1.9,4.6,64
"Antigua and Barbuda",2022,Developing,76.4,13,0,0,0,47.7,0,86,99,0.2,13567,3.3,3.3,13.9,65
"Antigua and Barbuda",2021,Developing,76.2,131,0,2423,0,47,0,96,99,0.2,12888,3.3,3.3,13.9,66
"Antigua and Barbuda",2020,Developing,76.1,133,0,1991.4,0,46.4,0,98,99,0.2,12225,3.3,3.3,13.9,67
"Antigua and Barbuda",2019,Developing,75.9,134,0,2156.2,0,45.7,0,97,98,0.2,12565,3.3,3.3,13.8,68
"Antigua and Barbuda",2018,Developing,75.7,136,0,1810.9,0,45.1,0,99,99,0.1,11929,3.3,3.3,14.1,69
"Antigua and Barbuda",2017,Developing,75.6,138,0,1984,0,44.4,0,99,98,0.1,12127,3.3,3.3,14.1,70
"Antigua and Barbuda",2016,Developing,75.4,14,0,149.4,0,43.8,0,98,99,0.1,1313,3.4,3.3,14.2,71
"Antigua and Barbuda",2015,Developing,75.2,142,0,180.8,0,43.2,0,99,99,0.1,1473,3.4,3.3,14.4,72
"Antigua and Barbuda",2014,Developing,75,144,0,258,0,42.6,0,98,99,0.1,14252,3.4,3.3,14.5,73
"Antigua and Barbuda",2013,Developing,74.8,145,0,216.3,0,42,0,99,99,0.1,12724,3.4,3.4,14.7,74
"Antigua and Barbuda",2012,Developing,74.6,147,0,1455.6,0,41.4,0,98,99,0.1,11372,3.5,3.4,0,75
"Antigua and Barbuda",2011,Developing,74.4,149,0,22.9,0,4.8,0,97,97,0.1,1353,3.5,3.4,0,76
"Antigua and Barbuda",2010,Developing,74.2,151,0,1158.1,0,4.1,0,99,99,0.1,9740,3.5,3.5,0,77
"Antigua and Barbuda",2009,Developing,74,153,0,927.4,0,39.5,0,93,98,0.1,9387,3.6,3.5,0,78
"Antigua and Barbuda",2008,Developing,73.8,154,0,163.8,0,38.9,0,99,97,0.1,9358,3.6,3.5,0,79
"Antigua and Barbuda",2007,Developing,73.6,156,0,1127.7,0,38.2,0,96,95,0.1,9875,3.7,3.6,0,80
Argentina,2022,Developing,76.3,116,8,0,0,62.8,9,93,94,0.1,13467,1,0.9,17.3,81
Argentina,2021,Developing,76.2,118,8,847.4,1,62.2,9,92,94,0.1,12245,1,0.9,17.3,82
Argentina,2020,Developing,76,119,8,1001.8,0,61.6,10,99,94,0.1,12977,1,0.9,17.3,83
Argentina,2019,Developing,75.9,12,9,1133.6,2,61,10,99,91,0.1,12970,1,0.9,17.2,84
Argentina,2018,Developing,75.7,12,9,1504.3,3,6.4,10,93,91,0.1,12727,1,0.9,17.1,85
Argentina,2017,Developing,75.5,121,10,187.6,17,59.8,11,95,94,0.1,1276,1,0.9,16.8,86
Argentina,2016,Developing,75.6,126,10,1398,3,59.2,11,97,94,0.1,8161,1,0.9,16.5,87
Argentina,2015,Developing,75.4,126,10,1413.7,0,58.6,11,94,93,0.1,8953,1,0.9,16.3,88
Argentina,2014,Developing,74.8,129,10,1105.7,0,58,12,92,91,0.1,7194,1.1,0.9,16.3,89
Argentina,2013,Developing,75.2,127,11,961.2,0,57.5,12,92,91,0.1,5879,1.1,0.9,16.1,90
Argentina,2012,Developing,74.9,127,11,96.2,0,56.9,12,95,98,0.1,577,1.1,1,16.3,91
Argentina,2011,Developing,74.7,13,11,719.4,0,56.3,12,91,98,0.1,4252,1.1,1,16.3,92
Argentina,2010,Developing,74.1,137,11,57.6,0,55.7,13,95,96,0.1,333,1.2,1,16.4,93
Argentina,2009,Developing,74.1,138,12,470.2,0,55.1,13,94,93,0.1,2579,1.2,1,16.3,94
Argentina,2008,Developing,74,138,12,123,0,54.6,13,85,83,0.1,718,1.2,1.1,15.6,95
Argentina,2007,Developing,74.1,137,12,1349,6,54,14,88,83,0.1,7669,1.2,1.1,15,96
Armenia,2022,Developing,74.8,118,1,0,33,54.9,1,96,94,0.1,370,2.1,2.2,12.7,97
Armenia,2021,Developing,74.6,12,1,295.6,13,54.1,1,95,93,0.1,3995,2.1,2.1,12.7,98
Armenia,2020,Developing,74.4,123,1,279.4,10,53.3,1,96,95,0.1,3844,2.1,2.1,12.7,99
Armenia,2019,Developing,74.4,121,1,274.2,0,52.6,1,96,95,0.1,3685,2,2.1,12.7,100
Armenia,2018,Developing,73.9,128,1,261,0,51.9,1,96,95,0.1,3527,2,2.1,12.7,101
Armenia,2017,Developing,73.5,132,1,224.3,2,51.2,1,96,94,0.1,3218,2,2.1,12.3,102
Armenia,2016,Developing,73.3,137,1,201.2,0,5.7,1,94,93,0.1,2994,2,2.1,11.9,103
Armenia,2015,Developing,73.2,14,1,2.9,0,5.1,1,91,89,0.1,41,2,2.1,12.3,104
Armenia,2014,Developing,73.5,132,1,44.6,1,49.7,1,9,88,0.1,3139,2,2.1,11.7,105
Armenia,2013,Developing,72.9,141,1,244.5,137,49.2,1,87,87,0.1,2158,2,2.1,11.2,106
Armenia,2012,Developing,73,137,1,20.2,2281,48.8,1,92,9,0.1,1644,2,2.1,10.9,107
Armenia,2011,Developing,73,132,1,97.7,1783,48.4,1,93,91,0.1,1192,2,2.1,10.9,108
Armenia,2010,Developing,72.7,134,1,7.3,4,48.1,1,96,94,0.1,93,2,2.1,10.8,109
Armenia,2009,Developing,72.6,134,1,57.2,40,47.8,1,96,94,0.1,783,2.1,2.1,10.8,110
Armenia,2008,Developing,72.6,141,1,53.2,69,47.4,1,97,94,0.1,694,2.1,2.1,11.1,111
Armenia,2007,Developing,72,142,1,32.8,15,47.1,1,96,93,0.1,623,2.1,2.2,11.2,112
Australia,2022,Developed,82.8,59,1,0,74,66.6,1,93,93,0.1,56554,0.6,0.6,20.4,113
Australia,2021,Developed,82.7,6,1,10769.4,340,66.1,1,92,92,0.1,62215,0.6,0.6,20.4,114
Australia,2020,Developed,82.5,61,1,11734.9,158,65.5,1,91,91,0.1,67792,0.6,0.6,20.3,115
Australia,2019,Developed,82.3,61,1,11715,199,65,1,92,92,0.1,67678,0.6,0.6,20.1,116
Australia,2018,Developed,82,63,1,10986.3,190,64.4,1,92,92,0.1,62245,0.6,0.6,19.8,117
Australia,2017,Developed,81.9,64,1,8875.8,70,63.9,1,92,92,0.1,51875,0.7,0.6,19.5,118
Australia,2016,Developed,81.7,66,1,7172.3,104,63.4,1,92,92,0.1,42743,0.7,0.6,19.1,119
Australia,2015,Developed,81.3,66,1,8547.3,65,62.9,1,92,92,0.1,49665,0.7,0.6,19.1,120
Australia,2014,Developed,81.3,66,1,872.6,11,62.5,2,92,92,0.1,4992,0.7,0.6,19,121
Australia,2013,Developed,81.2,66,1,6187.1,0,62,2,92,92,0.1,36118,0.7,0.6,20.3,122
Australia,2012,Developed,81,67,1,579.1,10,61.5,2,92,92,0.1,3417,0.7,0.6,20.3,123
Australia,2011,Developed,86,69,1,588.6,70,6.9,1,92,92,0.1,3472,0.7,0.6,20.7,124
Australia,2010,Developed,83,71,1,3829.6,91,6.3,1,92,93,0.1,23465,0.7,0.7,20.6,125
Australia,2009,Developed,79.9,73,1,46.4,32,59.6,2,92,92,0.1,282,0.7,0.7,20.1,126
Australia,2008,Developed,79.9,75,1,3064.3,141,59,2,91,92,0.1,19518,0.7,0.7,20.5,127
Australia,2007,Developed,79.5,78,1,347.2,108,58.2,2,9,9,0.1,2170,0.7,0.7,20.4,128
Austria,2022,Developed,81.5,65,0,0,309,57.6,0,93,93,0.1,43666,1.9,2.1,15.9,129
Austria,2021,Developed,81.4,66,0,8350.2,117,57.1,0,98,98,0.1,51323,1.8,2,15.9,130
Austria,2020,Developed,81.1,68,0,90.6,0,56.6,0,95,95,0.1,555,1.8,2,15.7,131
Austria,2019,Developed,88,7,0,7878.4,36,56.1,0,92,92,0.1,48334,1.8,2,15.7,132
Austria,2018,Developed,88,73,0,8272.3,68,55.7,0,89,89,0.1,51127,1.7,2,15.7,133
Austria,2017,Developed,84,75,0,7423.2,52,55.2,0,86,86,0.1,46658,1.7,1.9,15.4,134
Austria,2016,Developed,82,77,0,8053.6,49,54.7,0,83,83,0.1,47654,1.7,1.9,15.3,135
Austria,2015,Developed,84,76,0,8329.7,448,54.2,0,83,83,0.1,51386,1.7,1.9,15.1,136
Austria,2014,Developed,81,8,0,7453.9,20,53.7,0,85,85,0.1,46587,1.7,1.9,15.2,137
Austria,2013,Developed,79.8,81,0,69.9,23,53.2,0,83,83,0.1,444,1.7,1.9,15,138
Austria,2012,Developed,79.4,85,0,5992.6,9,52.7,0,86,86,0.1,38242,1.7,1.9,14.9,139
Austria,2011,Developed,79.3,86,0,5316.9,15,52.2,0,83,83,0.1,36693,1.7,1.9,14.7,140
Austria,2010,Developed,78.8,88,0,504.4,90,51.7,0,84,84,0.1,3213,1.7,1.9,14.7,141
Austria,2009,Developed,78.7,9,0,3979.1,0,51.2,0,82,83,0.1,26351,1.7,1.9,16.1,142
Austria,2008,Developed,78.6,92,0,3582.8,0,5.6,0,83,84,0.1,24490,1.7,1.9,15.5,143
Austria,2007,Developed,78.1,96,0,3557.5,0,5.1,0,71,81,0.1,24517,1.7,1.9,15.4,144
Azerbaijan,2022,Developing,72.7,118,5,0,0,52.5,6,98,96,0.1,55,2.8,2.9,12.7,145
Azerbaijan,2021,Developing,72.5,119,5,306.2,0,51.5,6,97,94,0.1,7891,2.8,2.9,12.2,146
Azerbaijan,2020,Developing,72.2,121,5,275.7,164,5.6,6,96,93,0.1,7876,2.8,2.8,11.9,147
Azerbaijan,2019,Developing,71.9,123,5,285.6,0,49.7,6,92,89,0.1,7496,2.8,2.8,11.8,148
Azerbaijan,2018,Developing,71.6,125,5,263.1,0,48.8,6,91,87,0.1,7190,2.8,2.9,11.7,149
Azerbaijan,2017,Developing,71.1,13,5,246.6,0,48,6,85,81,0.1,5843,2.8,2.9,11.7,150
Azerbaijan,2016,Developing,78,132,6,22.5,0,47.3,6,84,81,0.1,495,2.8,2.9,11.6,151
Azerbaijan,2015,Developing,73,141,6,206.3,5,46.6,6,85,81,0.1,5575,2.8,2.9,11.6,152
Azerbaijan,2014,Developing,73,14,6,176,0,45.9,7,81,79,0.1,3851,2.8,2.9,11.6,153
Azerbaijan,2013,Developing,69.2,154,6,105.6,222,45.3,7,8,78,0.1,2474,2.9,2.9,10.7,154
Azerbaijan,2012,Developing,68.4,162,6,81.3,1238,44.7,7,79,75,0.1,1578,2.9,3,11.2,155
Azerbaijan,2011,Developing,68.4,154,6,8.6,827,44.2,8,78,77,0.1,145,3,3,11,156
Azerbaijan,2010,Developing,67.8,154,7,42.4,1978,43.6,8,79,77,0.1,884,3,3,10.8,157
Azerbaijan,2009,Developing,67.8,146,7,39.3,4353,43.1,9,8,76,0.1,764,3.1,3.1,10.6,158
Azerbaijan,2008,Developing,67.5,151,8,4.1,574,42.6,10,77,77,0.1,74,3.1,3.1,10.4,159
Azerbaijan,2007,Developing,66.6,16,9,35.1,210,42.1,11,75,76,0.1,656,3.2,3.1,10.1,160
Bahamas,2022,Developing,76.1,147,0,0,0,64.5,0,95,95,0.1,0,2.5,2.5,12.6,161
Bahamas,2021,Developing,75.4,16,0,0,0,63.8,0,96,96,0.1,0,2.5,2.5,12.6,162
Bahamas,2020,Developing,74.8,172,0,0,0,63.2,0,97,97,0.1,0,2.5,2.5,12.6,163
Bahamas,2019,Developing,74.9,167,0,0,0,62.6,0,99,98,0.2,0,2.5,2.5,12.6,164
Bahamas,2018,Developing,75,162,0,0,0,62,0,97,98,0.1,0,2.5,2.5,12.6,165
Bahamas,2017,Developing,75,161,0,0,0,61.3,0,97,99,0.2,0,2.5,2.5,12.6,166
Bahamas,2016,Developing,74.6,168,0,0,0,6.7,0,97,96,0.1,0,2.5,2.5,12.6,167
Bahamas,2015,Developing,74.5,167,0,0,0,6.1,0,93,93,0.1,0,2.5,2.5,12.6,168
Bahamas,2014,Developing,74.4,167,0,0,0,59.4,0,95,95,0.1,0,2.5,2.5,12.5,169
Bahamas,2013,Developing,74.2,171,0,0,0,58.7,0,94,95,0.1,0,2.5,2.5,12.4,170
Bahamas,2012,Developing,74.1,172,0,0,0,58.1,0,93,93,0.1,0,2.6,2.5,12.4,171
Bahamas,2011,Developing,73.8,174,0,0,0,57.4,0,92,93,0.1,0,2.6,2.5,12.3,172
Bahamas,2010,Developing,73.2,189,0,0,0,56.7,0,93,92,0.1,0,2.6,2.5,12.2,173
Bahamas,2009,Developing,73.1,19,0,0,0,56,0,93,94,0.1,0,2.6,2.6,12.1,174
Bahamas,2008,Developing,72.9,189,0,0,0,55.2,0,98,99,0.2,0,2.7,2.6,12.1,175
Bahamas,2007,Developing,72.6,192,0,0,0,54.4,0,91,99,0.1,0,2.7,2.6,12,176
Bahrain,2022,Developing,76.9,69,0,0,0,63.6,0,98,98,0.1,22689,6.2,6.1,14.5,177
Bahrain,2021,Developing,76.8,7,0,367.3,46,62.9,0,98,98,0.1,24983,6.1,6,14.5,178
Bahrain,2020,Developing,76.7,7,0,4,0,62.2,0,99,99,0.1,251,6.1,6,14.5,179
Bahrain,2019,Developing,76.5,71,0,2211.2,0,61.5,0,99,99,0.1,23649,6.1,6,14.5,180
Bahrain,2018,Developing,76.1,76,0,197.8,0,6.8,0,99,99,0.1,2281,6.1,6,14.4,181
Bahrain,2017,Developing,76.1,73,0,266.8,0,6.1,0,99,99,0.1,2722,6,5.9,14.4,182
Bahrain,2016,Developing,76,74,0,332.9,3,59.3,0,97,98,0.1,19357,6,5.9,14.4,183
Bahrain,2015,Developing,75.8,76,0,231.5,2,58.5,0,97,97,0.1,2368,6,5.9,14.4,184
Bahrain,2014,Developing,75.6,77,0,278.4,7,57.6,0,97,97,0.1,2977,6.1,5.9,14.4,185
Bahrain,2013,Developing,75.5,79,0,170.7,3,56.8,0,98,98,0.1,1938,6.1,5.9,14.2,186
Bahrain,2012,Developing,75.3,81,0,1553.5,4,56.1,0,98,98,0.1,17959,6.1,5.9,14,187
Bahrain,2011,Developing,75.2,83,0,1380.2,11,55.6,0,98,98,0.1,15847,6.1,5.9,13.9,188
Bahrain,2010,Developing,75,85,0,1214.6,12,55.2,0,97,97,0.1,14222,6.1,5.9,13.7,189
Bahrain,2009,Developing,74.9,87,0,106.4,8,55,0,98,98,0.1,1312,6.2,5.9,13.5,190
Bahrain,2008,Developing,74.7,9,0,1150.4,5,54.8,0,99,99,0.1,12868,6.2,6,13.3,191
Bahrain,2007,Developing,74.5,92,0,167.7,6,54.5,0,97,97,0.1,13636,6.2,6,13.2,192
Bangladesh,2022,Developing,71.8,129,92,0,240,18.3,113,97,97,0.1,121,17.9,18.3,10.2,193
Bangladesh,2021,Developing,71.4,132,98,10.4,289,17.7,121,97,97,0.1,185,18.1,18.6,10,194
Bangladesh,2020,Developing,71,135,104,52.8,237,17,130,96,96,0.1,952,18.3,18.8,10,195
Bangladesh,2019,Developing,77,137,111,59.3,1986,16.4,139,94,94,0.1,856,18.5,19,9.9,196
Bangladesh,2018,Developing,73,14,118,62.3,5625,15.8,150,96,96,0.1,836,18.7,19.2,9.4,197
Bangladesh,2017,Developing,69.9,142,126,62.7,788,15.2,161,94,94,0.1,758,18.9,19.4,8.9,198
Bangladesh,2016,Developing,69.5,144,135,53.3,718,14.6,173,97,97,0.1,681,19.1,19.7,8.4,199
Bangladesh,2015,Developing,69.1,147,144,42.5,2660,14,186,96,96,0.1,616,19.3,19.9,8.6,200
Bangladesh,2014,Developing,68.6,151,154,46.4,2924,13.5,201,96,94,0.1,542,19.5,2.1,8.6,201
Bangladesh,2013,Developing,68.2,152,164,42.3,6192,13,215,95,94,0.1,495,19.7,2.3,8.4,202
Bangladesh,2012,Developing,67.8,155,174,38.1,25934,12.5,231,94,93,0.1,484,19.9,2.5,8.2,203
Bangladesh,2011,Developing,67.3,158,185,4.1,9743,12,247,88,99,0.1,47,2.1,2.7,8.1,204
Bangladesh,2010,Developing,66.8,161,196,35.5,4067,11.6,264,9,87,0.1,433,2.3,2.9,7.9,205
Bangladesh,2009,Developing,66.3,164,207,0.4,3484,11.2,280,83,83,0.1,5,2.5,21.1,7.7,206
Bangladesh,2008,Developing,65.8,168,219,3.4,4414,1.8,298,85,85,0.1,43,2.7,21.3,7.5,207
Bangladesh,2007,Developing,65.3,173,231,3.7,5098,1.4,316,83,82,0.1,46,2.9,21.5,7.3,208
Barbados,2022,Developing,75.5,98,0,0,0,54.5,0,97,97,0.1,15558,3.8,3.7,15.3,209
Barbados,2021,Developing,75.4,1,0,294.9,0,53.7,0,95,94,0.1,15360,3.8,3.7,15.3,210
Barbados,2020,Developing,75.2,11,0,263,0,53,0,91,91,0.1,15473,3.8,3.8,15.3,211
Barbados,2019,Developing,75.1,12,0,260,0,52.2,0,88,87,0.1,15385,3.8,3.8,15.3,212
Barbados,2018,Developing,74.9,14,0,174,0,51.4,0,91,91,0.1,15534,3.8,3.8,15.5,213
Barbados,2017,Developing,74.7,16,0,155,0,5.7,0,9,86,0.1,1596,3.8,3.8,15.8,214
Barbados,2016,Developing,74.6,19,0,327.2,0,49.9,0,93,93,0.1,16523,3.8,3.8,15.5,215
Barbados,2015,Developing,74.4,111,0,25.5,0,49.2,0,85,85,0.1,1657,3.9,3.9,15.3,216
Barbados,2014,Developing,74.2,113,0,1641.3,0,48.4,0,93,93,0.1,16463,3.9,3.9,15,217
Barbados,2013,Developing,74.1,115,0,181.5,0,47.7,0,85,84,0.1,15647,4,3.9,14.8,218
Barbados,2012,Developing,73.9,117,0,1311.4,0,46.9,0,91,92,0.1,14224,4,4,14.6,219
Barbados,2011,Developing,73.8,119,0,166,0,46.2,0,93,93,0.2,12869,4.1,4,14.4,220
Barbados,2010,Developing,73.7,121,0,13.5,0,45.4,0,9,89,0.4,1229,4.1,4.1,14.2,221
Barbados,2009,Developing,73.5,123,0,133.1,0,44.6,0,86,87,0.8,11675,4.2,4.1,14,222
Barbados,2008,Developing,73.4,125,0,138.2,0,43.8,0,93,84,0.7,11514,4.2,4.2,14,223
Barbados,2007,Developing,73.3,127,0,1140.6,0,43,0,86,93,0.9,11568,4.3,4.2,14,224
Belarus,2022,Developing,72.3,196,0,0,2,62.3,0,99,99,0.1,5949,1.9,2,15.6,225
Belarus,2021,Developing,72,199,0,1147.1,64,61.7,0,97,97,0.1,8318,1.9,2,15.7,226
Belarus,2020,Developing,71.7,23,0,1109.9,16,61.1,1,98,98,0.1,7979,2,2,15.7,227
Belarus,2019,Developing,71.9,194,0,91.7,10,6.5,1,98,98,0.1,694,2,2.1,15.6,228
Belarus,2018,Developing,72,232,0,846.9,50,59.9,1,98,98,0.1,6520,2,2.1,15.5,229
Belarus,2017,Developing,73,222,0,8.5,1,59.3,1,99,98,0.1,63,2,2.2,15.5,230
Belarus,2016,Developing,70,226,0,434.8,0,58.7,1,98,96,0.1,5176,2.1,2.2,15.4,231
Belarus,2015,Developing,70,224,1,501.8,0,58.2,1,98,97,0.1,6376,2.1,2.3,15.1,232
Belarus,2014,Developing,69.8,226,1,464.1,1,57.7,1,9,95,0.1,4736,2.2,2.3,14.9,233
Belarus,2013,Developing,68.9,243,1,364.4,149,57.2,1,97,99,0.1,3848,2.2,2.4,14.6,234
Belarus,2012,Developing,68.1,252,1,45.7,1,56.7,1,98,99,0.1,3127,2.3,2.5,14.4,235
Belarus,2011,Developing,68.2,247,1,42.3,2,56.2,1,99,99,0.1,2378,2.4,2.5,14.1,236
Belarus,2010,Developing,67.7,253,1,23.8,21,55.8,1,53,5,0.1,1820,2.5,2.6,13.9,237
Belarus,2009,Developing,67.2,262,1,145.4,14,55.3,1,99,99,0.1,1479,2.5,2.7,13.6,238
Belarus,2008,Developing,67.7,254,1,14.1,45,54.9,1,99,99,0.1,1244,2.6,2.7,13.3,239
Belarus,2007,Developing,68,247,1,24.2,21,54.4,1,99,99,0.1,1276,2.7,2.8,13.1,240
Belgium,2022,Developed,81.1,74,0,0,47,63.7,1,99,99,0.1,4357,1,1,16.6,241
Belgium,2021,Developed,89,76,0,7163.3,70,63.4,1,99,99,0.1,47439,1,1,16.3,242
Belgium,2020,Developed,87,77,0,702.4,39,63,1,99,99,0.1,4651,1,0.9,16.3,243
Belgium,2019,Developed,83,78,0,664.5,109,62.6,1,99,99,0.1,4475,0.9,0.9,16.2,244
Belgium,2018,Developed,83,8,0,713.5,576,62.3,1,98,98,0.1,4773,0.9,0.9,16.1,245
Belgium,2017,Developed,80,81,0,665.7,40,61.9,1,98,98,0.1,4438,0.9,0.9,15.9,246
Belgium,2016,Developed,79.8,85,0,671.9,33,61.6,1,98,98,0.1,4489,0.9,0.9,15.8,247
Belgium,2015,Developed,79.5,87,0,7191.1,98,61.3,1,99,99,0.1,48425,0.8,0.8,15.8,248
Belgium,2014,Developed,79.5,86,0,640.4,64,6.9,1,99,98,0.1,4444,0.8,0.8,15.8,249
Belgium,2013,Developed,79.4,85,0,5579.2,15,6.6,1,99,98,0.1,38852,0.8,0.8,15.7,250
Belgium,2012,Developed,78.9,89,0,5068.2,26,6.2,1,97,97,0.1,36967,0.8,0.8,15.7,251
Belgium,2011,Developed,78.8,91,1,5160.5,61,59.8,1,96,95,0.1,35590,0.8,0.8,18.8,252
Belgium,2010,Developed,78.3,95,0,507.3,44,59.4,1,96,95,0.1,3744,0.8,0.8,18.6,253
Belgium,2009,Developed,78,99,1,320.3,0,59,1,96,95,0.1,2552,0.8,0.8,18.8,254
Belgium,2008,Developed,78,1,1,2943.4,83,58.5,1,96,95,0.1,23122,0.8,0.8,18.2,255
Belgium,2007,Developed,77.6,11,1,287.2,0,58.1,1,96,95,0.1,2328,0.8,0.8,18,256
Belize,2022,Developing,71,175,0,0,0,5.9,0,94,94,0.2,4850,3.5,3.4,12.8,257
Belize,2021,Developing,70,177,0,670.1,0,5.1,0,95,95,0.2,4852,3.4,3.4,12.8,258
Belize,2020,Developing,69.8,18,0,629.2,0,49.3,0,95,95,0.2,4689,3.4,3.4,12.9,259
Belize,2019,Developing,69.4,189,0,582.8,0,48.5,0,98,98,0.1,4674,3.5,3.4,12.5,260
Belize,2018,Developing,69.4,188,0,605.6,0,47.8,0,95,95,0.5,4516,3.5,3.4,12.4,261
Belize,2017,Developing,69.5,186,0,570,0,47,0,96,96,0.2,4344,3.5,3.4,12.4,262
Belize,2016,Developing,69.5,184,0,549.8,0,46.3,0,98,97,0.3,4259,3.5,3.4,12.7,263
Belize,2015,Developing,69.6,181,0,51.3,0,45.7,0,94,94,0.1,447,3.5,3.4,12.8,264
Belize,2014,Developing,69.6,181,0,69.6,0,45,0,97,96,0.6,4325,3.5,3.5,12.8,265
Belize,2013,Developing,69.4,184,0,387.3,0,44.4,0,98,98,0.6,4187,3.6,3.5,12.3,266
Belize,2012,Developing,69,191,0,365.8,0,43.8,0,96,96,0.8,3933,3.6,3.5,12.8,267
Belize,2011,Developing,68.7,197,0,325.7,0,43.2,0,97,97,0.8,3832,3.6,3.5,12.5,268
Belize,2010,Developing,68.4,21,0,312.8,0,42.6,0,95,96,1.5,3680,3.6,3.6,12.2,269
Belize,2009,Developing,68.5,199,0,262.8,0,42,0,93,89,0.1,3557,3.7,3.6,11.9,270
Belize,2008,Developing,68.2,21,0,251.7,0,41.4,0,96,96,0.4,3419,3.7,3.7,11.8,271
Belize,2007,Developing,68.3,196,0,219,0,4.8,0,91,91,0.3,3364,3.8,3.7,11.7,272
Benin,2022,Developing,60,249,25,0,55,25.7,39,78,82,1,784,6.9,6.8,10.7,273
Benin,2021,Developing,59.7,252,25,90.1,786,25.2,39,74,78,1.1,944,7.1,6.9,10.7,274
Benin,2020,Developing,59.5,251,25,87.4,637,24.6,39,73,77,1.2,915,7.2,7.1,10.3,275
Benin,2019,Developing,59.3,251,25,9.8,288,24.1,39,8,8,1.3,838,7.4,7.3,10,276
Benin,2018,Developing,59.1,251,25,110.3,426,23.5,39,77,75,1.4,826,7.6,7.5,9.8,277
Benin,2017,Developing,58.7,254,25,94.3,392,23,39,77,76,1.4,758,7.8,7.6,9.5,278
Benin,2016,Developing,58.4,259,25,71,1461,22.5,39,8,79,1.6,794,7.9,7.8,9.3,279
Benin,2015,Developing,57.6,278,25,7.6,928,22,39,77,75,1.8,82,8.1,8,9.1,280
Benin,2014,Developing,57.1,283,25,7.5,341,21.5,39,82,82,2,77,8.3,8.2,8.9,281
Benin,2013,Developing,56.8,284,25,75.9,176,21,39,76,74,2,626,8.5,8.4,8.7,282
Benin,2012,Developing,56.5,285,25,7.1,210,2.5,39,73,7,2.1,62,8.7,8.6,8.5,283
Benin,2011,Developing,56.1,285,25,10.7,262,2.1,39,74,72,2.1,584,8.9,8.8,8.1,284
Benin,2010,Developing,55.8,285,25,8.9,217,19.7,40,75,73,2.1,519,9.1,9,7.7,285
Benin,2009,Developing,55.6,283,25,40.5,1588,19.2,40,76,75,2.1,419,9.3,9.2,7.3,286
Benin,2008,Developing,55.5,281,25,45.3,5859,18.8,40,77,76,2.1,379,9.5,9.4,6.6,287
Benin,2007,Developing,55.4,279,25,37.4,4244,18.4,40,78,78,2,374,9.7,9.6,6.4,288
Bhutan,2022,Developing,69.8,211,0,0,11,24.5,0,98,99,0.5,2614,15.4,16,12.5,289
Bhutan,2021,Developing,69.4,216,0,209.4,0,23.6,1,98,99,0.5,2523,15.7,16.2,12.5,290
Bhutan,2020,Developing,69.1,219,0,19.8,0,22.7,1,97,97,0.6,236,15.9,16.5,12.6,291
Bhutan,2019,Developing,68.7,223,0,188.7,1,21.9,1,97,97,0.6,2423,16.1,16.7,12.3,292
Bhutan,2018,Developing,68.3,225,0,289.9,10,21.1,1,95,95,0.5,2459,16.3,17,11.9,293
Bhutan,2017,Developing,67.9,228,1,244,21,2.3,1,92,91,0.5,2179,16.6,17.3,11.4,294
Bhutan,2016,Developing,67.4,232,1,27.5,6,19.5,1,93,93,0.4,177,16.8,17.5,10.9,295
Bhutan,2015,Developing,67,234,1,302.7,7,18.8,1,96,96,0.4,1795,17.1,17.8,10.5,296
Bhutan,2014,Developing,66.5,238,1,283.8,11,18,1,93,95,0.3,1741,17.3,18.1,10.1,297
Bhutan,2013,Developing,65.8,245,1,169.2,2,17.4,1,96,95,0.3,1336,17.5,18.3,9.6,298
Bhutan,2012,Developing,65,254,1,145.6,11,16.7,1,95,95,0.3,1248,17.8,18.6,9.2,299
Bhutan,2011,Developing,64.2,263,1,2.6,3,16.1,1,9,89,0.3,198,18,18.8,8.8,300
Bhutan,2010,Developing,63.3,273,1,19.2,0,15.5,1,96,95,0.2,998,18.3,19.1,8.4,301
Bhutan,2009,Developing,62.5,282,1,152,27,14.9,1,89,86,0.1,886,18.6,19.4,8,302
Bhutan,2008,Developing,61.7,29,1,8.6,756,14.4,1,88,88,0.1,88,18.9,19.6,7.6,303
Bhutan,2007,Developing,62,312,1,93.4,418,13.9,1,98,92,0.1,766,19.2,19.9,7.3,304
"Bolivia (Plurinational State of)",2022,Developing,77,186,8,0,0,52.6,10,99,99,0.1,0,1.2,1.1,13.8,305
"Bolivia (Plurinational State of)",2021,Developing,74,189,8,0,0,51.9,10,99,98,0.1,0,1.2,1.1,13.8,306
"Bolivia (Plurinational State of)",2020,Developing,71,192,8,0,0,51.2,10,95,94,0.1,0,1.2,1.1,13.8,307
"Bolivia (Plurinational State of)",2019,Developing,69.8,194,8,0,0,5.6,11,93,93,0.1,0,1.2,1.1,13.8,308
"Bolivia (Plurinational State of)",2018,Developing,69.3,198,9,0,0,49.9,11,95,95,0.2,0,1.2,1.1,13.8,309
"Bolivia (Plurinational State of)",2017,Developing,68.7,22,9,0,0,49.3,12,9,91,0.2,0,1.2,1.1,13.8,310
"Bolivia (Plurinational State of)",2016,Developing,68,27,10,0,0,48.6,12,92,93,0.2,0,1.2,1.1,13.8,311
"Bolivia (Plurinational State of)",2015,Developing,67.4,211,10,0,0,48,13,87,88,0.2,0,1.3,1.1,14,312
"Bolivia (Plurinational State of)",2014,Developing,66.8,216,11,0,0,47.3,14,85,84,0.2,0,1.3,1.2,14.1,313
"Bolivia (Plurinational State of)",2013,Developing,66.2,219,11,0,0,46.7,15,82,83,0.2,0,1.3,1.2,14.3,314
"Bolivia (Plurinational State of)",2012,Developing,65.7,222,12,0,0,46,16,84,85,0.2,0,1.3,1.2,14.4,315
"Bolivia (Plurinational State of)",2011,Developing,65.1,226,12,0,0,45.4,16,84,84,0.2,0,1.4,1.2,14.6,316
"Bolivia (Plurinational State of)",2010,Developing,64.5,23,13,0,0,44.7,17,82,88,0.2,0,1.4,1.3,14.4,317
"Bolivia (Plurinational State of)",2009,Developing,63.9,234,14,0,0,44,18,76,77,0.1,0,1.4,1.3,14,318
"Bolivia (Plurinational State of)",2008,Developing,63.3,238,14,0,0,43.3,19,71,71,0.1,0,1.5,1.4,13.7,319
"Bolivia (Plurinational State of)",2007,Developing,62.6,243,15,0,122,42.6,20,74,75,0.1,0,1.5,1.4,13.3,320
"Bosnia and Herzegovina",2022,Developing,77.4,88,0,0,1677,55.8,0,74,82,0.1,4575,2.3,2.3,14.2,321
"Bosnia and Herzegovina",2021,Developing,77.2,89,0,732.9,3000,55.3,0,86,86,0.1,5194,2.4,2.4,14.2,322
"Bosnia and Herzegovina",2020,Developing,77,9,0,75.6,0,54.7,0,87,89,0.1,536,2.4,2.4,14.2,323
"Bosnia and Herzegovina",2019,Developing,76.8,92,0,693.8,22,54.2,0,87,92,0.1,4717,2.5,2.5,13.9,324
"Bosnia and Herzegovina",2018,Developing,76.9,92,0,8,10,53.7,0,89,88,0.1,55,2.6,2.5,13.4,325
"Bosnia and Herzegovina",2017,Developing,76.4,94,0,630.4,45,53.1,0,9,89,0.1,4612,2.6,2.6,13.3,326
"Bosnia and Herzegovina",2016,Developing,76.1,97,0,645,22,52.6,0,9,9,0.1,4698,2.7,2.7,13.3,327
"Bosnia and Herzegovina",2015,Developing,76,98,0,66,8,52.1,0,92,91,0.1,575,2.8,2.7,13.1,328
"Bosnia and Herzegovina",2014,Developing,75.4,16,0,8.2,166,51.5,0,95,95,0.1,418,2.8,2.8,12.9,329
"Bosnia and Herzegovina",2013,Developing,75.7,1,0,38.3,17,51,0,91,87,0.1,344,2.9,2.8,12.7,330
"Bosnia and Herzegovina",2012,Developing,75,12,0,45.7,23,5.5,0,95,93,0.1,2968,2.9,2.9,12.5,331
"Bosnia and Herzegovina",2011,Developing,75.5,99,0,3.5,28,49.9,0,87,84,0.1,266,3,3,12.3,332
"Bosnia and Herzegovina",2010,Developing,75.2,12,0,39.9,18,49.4,0,87,87,0.1,2215,3,3,12.1,333
"Bosnia and Herzegovina",2009,Developing,75.4,11,0,151.1,28,48.8,0,86,8,0.1,1762,3.1,3.1,11.9,334
"Bosnia and Herzegovina",2008,Developing,74.9,113,0,143.3,0,48.2,0,92,91,0.1,1524,3.2,3.2,11.6,335
"Bosnia and Herzegovina",2007,Developing,74.6,116,0,165.6,43,47.6,0,87,85,0.1,1462,3.3,3.2,0,336
Botswana,2022,Developing,65.7,256,2,0,0,37.9,2,96,95,2.2,6533,6.4,6.1,12.6,337
Botswana,2021,Developing,65.1,268,2,662.8,1,37.3,2,96,95,2.3,7498,6.7,6.4,12.6,338
Botswana,2020,Developing,64.2,286,2,1.1,1,36.8,2,96,95,2.8,78,7,6.7,12.6,339
Botswana,2019,Developing,63.4,3,2,12.8,7,36.2,3,96,95,4.4,729,7.3,7,12.5,340
Botswana,2018,Developing,62.2,325,2,669,8,35.7,3,96,95,5.5,7645,7.7,7.4,12.4,341
Botswana,2017,Developing,61.1,349,2,547,853,35.2,3,96,95,6.2,6346,8,7.8,12.3,342
Botswana,2016,Developing,59.2,393,2,426.8,184,34.7,3,96,96,9,5186,8.4,8.2,12.2,343
Botswana,2015,Developing,57.5,427,2,476.9,0,34.2,3,96,96,12.7,5623,8.8,8.6,12.1,344
Botswana,2014,Developing,56.9,436,2,512.6,1,33.7,3,96,96,13.4,5715,9.2,9,12.1,345
Botswana,2013,Developing,54.8,491,2,76.3,6,33.2,3,96,96,14.4,5375,9.6,9.4,11.9,346
Botswana,2012,Developing,51.7,566,2,629.8,5,32.7,3,96,96,20.6,5351,1,9.9,11.9,347
Botswana,2011,Developing,48.1,652,2,469.6,1,32.2,4,96,96,28.4,4897,1.5,1.4,11.8,348
Botswana,2010,Developing,46.4,693,2,299.4,59,31.6,4,96,96,31.9,4164,1.9,1.8,11.8,349
Botswana,2009,Developing,46,699,2,6.3,7,31.1,4,97,97,34.6,356,11.4,11.3,11.9,350
Botswana,2008,Developing,46.7,679,2,307,1,3.5,4,97,97,37.2,3129,11.8,11.8,11.8,351
Botswana,2007,Developing,47.8,647,2,250.9,2672,29.9,4,97,97,38.8,3350,12.3,12.2,11.7,352
Brazil,2022,Developing,75,142,42,0,214,56.1,47,98,96,0.1,8757,2.7,2.6,15.2,353
Brazil,2021,Developing,74.8,144,44,83.2,876,55.3,49,96,93,0.1,1227,2.7,2.7,15.2,354
Brazil,2020,Developing,74.7,146,46,916.3,220,54.5,52,96,97,0.1,12217,2.8,2.7,14.2,355
Brazil,2019,Developing,74.5,148,49,843.2,2,53.6,54,96,95,0.1,12292,2.8,2.8,14.2,356
Brazil,2018,Developing,74.1,152,51,1085,43,52.8,57,98,99,0.1,13168,2.9,2.8,14,357
Brazil,2017,Developing,73.8,154,54,1111.2,68,52,61,99,99,0.1,11224,2.9,2.9,13.8,358
Brazil,2016,Developing,73.6,157,57,564.5,0,51.1,64,99,99,0.1,8553,3,2.9,13.8,359
Brazil,2015,Developing,73.4,158,61,526.4,0,5.3,68,99,99,0.1,8788,3,3,13.3,360
Brazil,2014,Developing,73.3,159,65,394.9,0,49.4,73,99,99,0.1,7314,3.1,3,13.5,361
Brazil,2013,Developing,73,161,70,30.3,57,48.6,79,99,99,0.1,586,3.1,3.1,13.8,362
Brazil,2012,Developing,72.7,163,75,23.8,6,47.8,85,99,99,0.1,477,3.2,3.1,13.8,363
Brazil,2011,Developing,72,17,81,186.6,0,46.9,93,99,99,0.1,3624,3.2,3.2,14,364
Brazil,2010,Developing,71.8,172,88,15.9,2,46.1,100,99,99,0.1,360,3.3,3.3,14.8,365
Brazil,2009,Developing,71.4,176,95,141,1,45.3,109,99,99,0.1,2820,3.3,3.3,14.6,366
Brazil,2008,Developing,71,179,103,149.5,1,44.5,118,99,98,0.1,3147,3.4,3.4,14.3,367
Brazil,2007,Developing,75,183,111,179.5,36,43.7,127,99,98,0.1,3739,3.4,3.4,14.1,368
"Brunei Darussalam",2022,Developing,77.7,78,0,0,4,41.2,0,99,99,0.1,3968,5.7,5.1,14.9,369
"Brunei Darussalam",2021,Developing,77.6,8,0,269.1,1,4.2,0,99,99,0.1,4160,5.7,5.2,15,370
"Brunei Darussalam",2020,Developing,77.1,84,0,2845.3,0,39.2,0,99,99,0.1,44597,5.8,5.2,14.9,371
"Brunei Darussalam",2019,Developing,78.3,79,0,3192.6,1,38.2,0,99,99,0.1,47651,5.8,5.3,14.4,372
"Brunei Darussalam",2018,Developing,77.4,79,0,295.8,4,37.2,0,99,97,0.1,4717,5.9,5.4,14.1,373
"Brunei Darussalam",2017,Developing,76.9,79,0,2218.4,0,36.2,0,99,95,0.1,35268,5.9,5.4,14.2,374
"Brunei Darussalam",2016,Developing,76.8,88,0,1873.7,2,35.2,0,99,99,0.1,27966,6,5.5,14.1,375
"Brunei Darussalam",2015,Developing,77.2,84,0,2538.9,3,34.2,0,97,98,0.1,37951,6.1,5.6,14.2,376
"Brunei Darussalam",2014,Developing,76,1,0,2048.6,0,33.2,0,95,99,0.1,32672,6.2,5.7,14.3,377
"Brunei Darussalam",2013,Developing,76.3,93,0,25,0,32.2,0,94,97,0.1,399,6.3,5.8,14.3,378
"Brunei Darussalam",2012,Developing,76.2,92,0,179.7,9,31.2,0,93,94,0.1,2612,6.4,5.9,14.1,379
"Brunei Darussalam",2011,Developing,76.4,89,0,1504.3,16,3.1,0,92,92,0.1,21897,6.5,6,13.7,380
"Brunei Darussalam",2010,Developing,76,89,0,1406.5,24,29.1,0,99,92,0.1,18556,6.6,6.1,13.4,381
"Brunei Darussalam",2009,Developing,74.8,95,0,941.7,0,28,0,99,94,0.1,16846,6.7,6.1,13.3,382
"Brunei Darussalam",2008,Developing,74.7,19,0,1078.7,11,27,0,99,97,0.1,16468,6.8,6.2,13.4,383
"Brunei Darussalam",2007,Developing,74.4,16,0,11.8,42,26.1,0,99,99,0.1,188,6.8,6.3,13.4,384
Bulgaria,2022,Developed,74.5,137,0,0,0,65.7,1,91,91,0.1,6994,1.9,1.8,15,385
Bulgaria,2021,Developed,74.3,138,1,153.1,0,65.1,1,88,88,0.1,7853,1.9,1.9,14.8,386
Bulgaria,2020,Developed,74.1,14,1,149.7,14,64.5,1,95,95,0.1,7675,1.9,1.9,14.4,387
Bulgaria,2019,Developed,73.9,139,1,851.5,1,63.9,1,95,95,0.1,7378,1.9,1.9,14.3,388
Bulgaria,2018,Developed,73.7,144,1,875.1,157,63.3,1,95,95,0.1,7814,2,2,14.2,389
Bulgaria,2017,Developed,73.4,147,1,766.4,22004,62.7,1,94,94,0.1,6843,2,2,13.9,390
Bulgaria,2016,Developed,73.2,152,1,661.5,2249,62.1,1,94,94,0.1,6956,2,2.1,13.8,391
Bulgaria,2015,Developed,72.9,155,1,108,1,61.5,1,96,95,0.1,7296,2.1,2.1,13.8,392
Bulgaria,2014,Developed,72.6,157,1,591.5,1,6.9,1,95,95,0.1,5933,2.1,2.2,13.5,393
Bulgaria,2013,Developed,72.2,161,1,508.6,1,6.3,1,96,95,0.1,4513,2.2,2.2,13.5,394
Bulgaria,2012,Developed,72.1,16,1,456.3,3,59.7,1,97,96,0.1,3894,2.2,2.3,13.5,395
Bulgaria,2011,Developed,72.2,157,1,384.1,0,59.1,1,94,95,0.1,3382,2.3,2.3,13.3,396
Bulgaria,2010,Developed,72,155,1,32.4,0,58.6,1,96,96,0.1,272,2.3,2.4,12.9,397
Bulgaria,2009,Developed,71.8,157,1,33.3,0,58.1,1,94,93,0.1,288,2.4,2.4,12.9,398
Bulgaria,2008,Developed,71.6,16,1,25.1,8,57.5,1,94,94,0.1,1765,2.4,2.5,12.9,399
Bulgaria,2007,Developed,71.1,163,1,15.2,46,57,1,94,93,0.1,169,2.5,2.5,12.9,400
"Burkina Faso",2022,Developing,59.9,26,38,0,99,19.4,61,91,91,0.6,616,8,7.5,7.7,401
"Burkina Faso",2021,Developing,59.3,268,39,8.4,343,18.8,63,91,91,0.6,75,8.2,7.7,7.7,402
"Burkina Faso",2020,Developing,59,27,40,89,375,18.2,66,89,88,0.7,700,8.4,7.9,7.5,403
"Burkina Faso",2019,Developing,58.6,271,41,78.8,7362,17.7,68,9,9,0.8,674,8.6,8.1,7.2,404
"Burkina Faso",2018,Developing,58.1,275,42,85.6,860,17.1,71,9,91,0.9,667,8.8,8.4,6.7,405
"Burkina Faso",2017,Developing,57.5,279,43,90.5,2511,16.6,74,9,91,1,575,9,8.6,6.3,406
"Burkina Faso",2016,Developing,56.9,283,44,81.1,54118,16.1,77,91,92,1.1,553,9.3,8.8,5.9,407
"Burkina Faso",2015,Developing,56.1,288,45,107.8,395,15.6,80,92,93,1.5,570,9.5,9.1,5.4,408
"Burkina Faso",2014,Developing,55.3,293,46,73.9,12,15.1,83,93,89,1.7,475,9.8,9.3,4.9,409
"Burkina Faso",2013,Developing,54.3,32,47,64.2,125,14.6,86,94,86,2,423,1,9.6,4.7,410
"Burkina Faso",2012,Developing,53.3,313,48,8.8,253,14.2,89,94,82,2.3,47,1.3,9.8,4.3,411
"Burkina Faso",2011,Developing,52.4,323,49,57,77,13.7,91,83,79,2.5,371,1.5,1.1,3.9,412
"Burkina Faso",2010,Developing,51.6,332,49,41.6,2946,13.3,92,83,79,2.9,332,1.7,1.3,3.8,413
"Burkina Faso",2009,Developing,51,338,49,3.2,1744,12.9,93,69,69,3.2,27,11,1.6,3.6,414
"Burkina Faso",2008,Developing,56,344,48,23.1,4174,12.5,93,62,62,3.6,236,11.2,1.8,3.5,415
"Burkina Faso",2007,Developing,51,348,48,19.8,6074,12.2,92,45,45,4,227,11.4,11.1,3.4,416
Burundi,2022,Developing,59.6,288,21,0,9,18.7,31,94,94,0.7,34,7.3,7.2,10.6,417
Burundi,2021,Developing,59.1,297,22,41.3,0,18.2,32,95,95,0.7,313,7.4,7.3,10.6,418
Burundi,2020,Developing,58.6,33,22,40.2,0,17.6,32,96,96,1,283,7.4,7.4,10.5,419
Burundi,2019,Developing,58,312,22,38.7,49,17.1,33,96,96,1.2,265,7.5,7.5,10.3,420
Burundi,2018,Developing,57.4,321,22,3.6,129,16.6,33,95,96,1.5,27,7.6,7.6,9.9,421
Burundi,2017,Developing,56.8,33,23,31.1,495,16.1,34,94,96,1.9,231,7.7,7.7,9.3,422
Burundi,2016,Developing,56.2,338,23,2,305,15.7,34,96,94,2.4,25,7.8,7.8,8.6,423
Burundi,2015,Developing,55.3,35,23,16,173,15.2,35,89,92,2.9,196,7.9,7.9,7.9,424
Burundi,2014,Developing,54.8,355,24,1.7,43,14.8,36,93,99,3.4,18,8,8,7.2,425
Burundi,2013,Developing,54.1,361,24,21.2,784,14.5,36,88,92,3.8,166,8.1,8.2,5.9,426
Burundi,2012,Developing,53.4,369,24,1.7,0,14.1,37,82,87,4.3,16,8.2,8.3,5.6,427
Burundi,2011,Developing,52.6,378,24,11.2,2,13.8,38,76,83,4.8,127,8.4,8.4,5.2,428
Burundi,2010,Developing,51.9,387,24,6.5,224,13.5,38,75,82,5.1,113,8.5,8.5,4.7,429
Burundi,2009,Developing,51.5,387,24,9.7,1016,13.3,39,74,81,5.2,122,8.7,8.7,4.4,430
Burundi,2008,Developing,51.3,385,25,10.6,0,13,40,72,81,5.3,134,8.8,8.8,4.5,431
Burundi,2007,Developing,58,386,25,9.7,18363,12.8,41,71,8,5.2,136,9,8.9,4.5,432
"CÃ´te d'Ivoire",2022,Developing,53.3,397,57,0,65,28,79,81,83,1.9,0,5.5,5.5,0,433
"CÃ´te d'Ivoire",2021,Developing,52.8,47,58,0,50,27.4,80,76,76,2,0,5.6,5.6,0,434
"CÃ´te d'Ivoire",2020,Developing,52.3,412,59,0,48,26.8,81,79,8,2.4,0,5.8,5.7,0,435
"CÃ´te d'Ivoire",2019,Developing,52,415,59,0,137,26.2,82,83,82,2.9,0,5.9,5.9,0,436
"CÃ´te d'Ivoire",2018,Developing,51.7,419,60,0,628,25.6,83,58,62,3.3,0,6.1,6,0,437
"CÃ´te d'Ivoire",2017,Developing,51.5,417,60,0,441,25,84,81,85,3.3,0,6.3,6.2,0,438
"CÃ´te d'Ivoire",2016,Developing,51,426,60,0,183,24.4,84,77,81,3.7,0,6.5,6.4,0,439
"CÃ´te d'Ivoire",2015,Developing,54,437,60,0,12,23.8,85,58,74,4.1,0,6.6,6.6,0,440
"CÃ´te d'Ivoire",2014,Developing,49.9,443,61,0,5,23.2,87,75,76,5.3,0,6.8,6.7,0,441
"CÃ´te d'Ivoire",2013,Developing,49.4,452,62,0,11,22.6,89,76,77,5.8,0,7,6.9,0,442
"CÃ´te d'Ivoire",2012,Developing,48.7,466,63,0,115,22.1,90,87,76,6.1,0,7.2,7.1,0,443
"CÃ´te d'Ivoire",2011,Developing,48.2,472,64,0,3466,21.5,91,76,67,6.5,0,7.3,7.3,0,444
"CÃ´te d'Ivoire",2010,Developing,48,473,64,0,4770,2.9,92,68,61,6.7,0,7.5,7.5,0,445
"CÃ´te d'Ivoire",2009,Developing,47.7,473,65,0,5882,2.4,93,7,64,6.9,0,7.7,7.7,0,446
"CÃ´te d'Ivoire",2008,Developing,47.8,467,65,0,5790,19.9,94,7,66,7,0,7.9,7.9,0,447
"CÃ´te d'Ivoire",2007,Developing,47.9,461,67,0,5729,19.4,95,66,65,7.1,0,8.1,8.1,0,448
"Cabo Verde",2022,Developing,73.3,114,0,0,0,31.3,0,93,93,0.2,2954,6.6,6.6,13.5,449
"Cabo Verde",2021,Developing,73,117,0,414,0,3.5,0,95,95,0.2,3530,6.8,6.7,13.5,450
"Cabo Verde",2020,Developing,72.8,12,0,325.6,0,29.7,0,93,93,0.2,3559,6.9,6.9,13.6,451
"Cabo Verde",2019,Developing,72.7,121,0,33.6,0,29,0,94,94,0.3,349,7.1,7.1,13.2,452
"Cabo Verde",2018,Developing,72.6,122,0,4.4,0,28.2,0,9,9,0.3,367,7.3,7.2,13.1,453
"Cabo Verde",2017,Developing,72.5,123,0,286.9,0,27.5,0,99,99,0.4,3313,7.4,7.4,12.7,454
"Cabo Verde",2016,Developing,72.4,124,0,340,0,26.8,0,99,99,0.4,3445,7.6,7.6,12.4,455
"Cabo Verde",2015,Developing,72.4,124,0,360.6,0,26.2,0,99,99,0.4,3639,7.8,7.8,12.2,456
"Cabo Verde",2014,Developing,72.3,126,0,345.5,0,25.5,0,98,98,0.6,3112,8.1,8,11.9,457
"Cabo Verde",2013,Developing,72.1,129,0,26.5,0,24.9,0,97,96,0.6,234,8.3,8.3,11.9,458
"Cabo Verde",2012,Developing,71.8,134,0,3.3,0,24.3,0,95,95,0.8,248,8.5,8.5,11.2,459
"Cabo Verde",2011,Developing,71.4,14,0,240.1,0,23.7,0,94,93,0.8,1977,8.7,8.7,11.1,460
"Cabo Verde",2010,Developing,71.1,144,0,209.1,0,23.2,0,93,92,0.9,1769,8.9,8.9,11.3,461
"Cabo Verde",2009,Developing,77,148,0,155.2,0,22.6,0,92,91,0.8,1374,9.2,9.1,11.3,462
"Cabo Verde",2008,Developing,73,152,0,150.7,0,22.1,0,91,9,0.8,1269,9.4,9.3,11,463
"Cabo Verde",2007,Developing,69.9,155,0,122.6,2,21.5,0,9,9,0.8,1239,9.6,9.5,11.3,464
Cambodia,2022,Developing,68.7,174,10,0,0,19.6,12,87,89,0.2,1163,1.9,1.9,10.9,465
Cambodia,2021,Developing,68.3,179,11,12.2,0,18.9,12,87,88,0.2,199,1.9,11,10.9,466
Cambodia,2020,Developing,67.8,183,11,8.8,0,18.2,13,66,83,0.2,128,11,11.1,10.8,467
Cambodia,2019,Developing,67.4,186,12,6.9,15,17.6,14,84,86,0.3,95,11,11.2,10.7,468
Cambodia,2018,Developing,67,19,13,60.2,722,17,15,87,88,0.3,883,11,11.2,10.7,469
Cambodia,2017,Developing,66.6,192,14,56.9,1156,16.4,16,88,89,0.5,786,11,11.3,10.6,470
Cambodia,2016,Developing,66.1,195,15,48.4,4779,15.9,17,95,94,0.6,738,11.1,11.4,10.5,471
Cambodia,2015,Developing,65.6,199,16,53.1,4211,15.3,18,91,91,0.7,746,11.2,11.4,10.5,472
Cambodia,2014,Developing,65,24,16,57.7,394,14.8,20,82,82,0.9,632,11.3,11.5,10.3,473
Cambodia,2013,Developing,64.1,216,17,51.5,188,14.3,21,8,8,1.1,540,11.4,11.6,10.1,474
Cambodia,2012,Developing,62.9,234,18,62.2,264,13.9,22,82,82,1.4,474,11.5,11.6,10,475
Cambodia,2011,Developing,61.5,253,19,8.4,352,13.5,24,86,85,1.7,49,11.6,11.7,9.7,476
Cambodia,2010,Developing,63,268,21,55.6,653,13.1,26,69,69,1.9,362,11.6,11.7,9.3,477
Cambodia,2009,Developing,59.3,273,23,30.9,1361,12.8,29,54,54,2.1,340,11.6,11.8,8.2,478
Cambodia,2008,Developing,58.5,273,25,27.7,3761,12.4,33,59,6,2.2,321,11.6,11.8,7.6,479
Cambodia,2007,Developing,57.7,274,27,0.3,12237,12.1,36,62,59,2.1,4,11.6,11.9,7.2,480
Cameroon,2022,Developing,57.3,357,45,0,1809,29,68,83,84,3.5,1244,5.6,5.5,10.4,481
Cameroon,2021,Developing,56.7,366,47,61.4,831,28.4,71,86,87,3.7,1441,5.7,5.7,10.4,482
Cameroon,2020,Developing,56.4,364,48,63.1,760,27.8,73,88,89,4,1365,5.8,5.8,10.4,483
Cameroon,2019,Developing,55.9,369,50,68.6,609,27.2,76,85,85,4.6,1256,5.9,5.9,10.4,484
Cameroon,2018,Developing,55.6,371,51,83.2,504,26.6,79,8,82,4.9,1296,6,6,10,485
Cameroon,2017,Developing,55.3,37,53,100.9,240,26,82,83,84,5.5,1183,6.1,6.2,9.7,486
Cameroon,2016,Developing,54.8,373,54,9,251,25.4,85,79,8,6.3,123,6.3,6.3,9.2,487
Cameroon,2015,Developing,54.2,382,56,68.7,495,24.9,87,82,84,6.7,1234,6.4,6.5,8.8,488
Cameroon,2014,Developing,53.6,395,57,7.6,100,24.4,89,81,82,7,112,6.6,6.6,8,489
Cameroon,2013,Developing,53.3,394,58,1,196,23.8,91,78,81,7.2,13,6.7,6.8,8.2,490
Cameroon,2012,Developing,52.8,4,58,73,605,23.3,93,79,8,7.4,952,6.9,7,8.3,491
Cameroon,2011,Developing,52.1,412,59,7.2,358,22.8,94,72,73,7.5,93,7,7.1,8.2,492
Cameroon,2010,Developing,51.8,412,60,67.6,899,22.3,95,72,73,7.7,825,7.2,7.3,8.1,493
Cameroon,2009,Developing,51.6,47,60,53.7,1448,21.8,97,66,66,7.8,676,7.4,7.5,8.4,494
Cameroon,2008,Developing,51.5,41,61,41.7,23934,21.3,99,61,63,7.9,615,7.5,7.7,7.1,495
Cameroon,2007,Developing,51.4,394,62,4.7,14629,2.9,100,57,62,7.7,68,7.7,7.8,6.9,496
Canada,2022,Developing,82.2,64,2,0,195,67,2,91,91,0.1,43316,0.6,0.5,16.3,497
Canada,2021,Developing,82,65,2,102.2,418,66.4,2,91,91,0.1,544,0.5,0.5,15.9,498
Canada,2020,Developing,81.8,67,2,9733.2,83,65.8,2,91,91,0.1,52414,0.5,0.5,15.9,499
Canada,2019,Developing,81.6,68,2,9748.6,10,65.3,2,99,95,0.1,52497,0.5,0.5,15.9,500
Canada,2018,Developing,81.5,68,2,971.9,803,64.7,2,87,87,0.1,5282,0.5,0.5,15.9,501
Canada,2017,Developing,81.2,7,2,8649.7,99,64.1,2,88,89,0.1,47448,0.5,0.4,15.9,502
Canada,2016,Developing,81,72,2,864.9,14,63.6,2,89,91,0.1,4774,0.5,0.4,15.9,503
Canada,2015,Developing,87,74,2,8433.9,62,63,2,89,92,0.1,46596,0.5,0.4,15.8,504
Canada,2014,Developing,85,74,2,7946.7,101,62.5,2,9,94,0.1,44545,0.5,0.4,15.8,505
Canada,2013,Developing,85,75,2,771.2,13,61.9,2,95,95,0.1,4387,0.5,0.4,15.8,506
Canada,2012,Developing,81,76,2,6333.2,6,61.3,2,93,93,0.1,36190,0.5,0.4,15.8,507
Canada,2011,Developing,80,77,2,5513.3,7,6.6,2,91,91,0.1,31980,0.5,0.4,15.8,508
Canada,2010,Developing,79.7,78,2,4687.8,15,6,2,88,91,0.1,28172,0.5,0.4,15.8,509
Canada,2009,Developing,79.5,79,2,3895.9,6,59.3,2,88,88,0.1,24168,0.5,0.4,15.8,510
Canada,2008,Developing,79.4,8,2,3665.1,34,58.5,2,88,89,0.1,23692,0.5,0.4,15.8,511
Canada,2007,Developing,79.1,82,2,3787.5,206,57.8,2,88,89,0.1,24124,0.5,0.5,15.9,512
"Central African Republic",2022,Developing,52.5,397,15,0,150,22.7,21,47,47,4.4,348,8.2,8.2,7.1,513
"Central African Republic",2021,Developing,58,437,15,53.4,210,22.1,22,47,47,4.5,377,8.4,8.3,7.1,514
"Central African Republic",2020,Developing,49.9,451,16,52.4,596,21.6,23,23,23,5.1,338,8.5,8.5,7.1,515
"Central African Republic",2019,Developing,53,439,16,7.3,141,21.2,23,47,47,5.1,486,8.7,8.6,7.1,516
"Central African Republic",2018,Developing,49.8,443,16,58.5,679,2.7,24,47,47,5.8,494,8.8,8.8,6.8,517
"Central African Republic",2017,Developing,49.2,446,17,43.5,2,2.2,24,46,45,6.6,446,9,8.9,6.6,518
"Central African Republic",2016,Developing,48.6,453,17,40.5,11,19.8,25,45,42,7.3,450,9.1,9.1,6.4,519
"Central African Republic",2015,Developing,47.6,477,17,67.3,12,19.4,25,46,45,8.3,457,9.3,9.2,6.3,520
"Central African Republic",2014,Developing,46.8,495,17,60,49,19,26,46,48,9,397,9.4,9.4,6.2,521
"Central African Republic",2013,Developing,46.3,56,17,46.9,3,18.6,26,47,51,10,348,9.6,9.6,6,522
"Central African Republic",2012,Developing,45.9,511,17,40.9,471,18.2,26,47,54,11.2,327,9.7,9.7,5.9,523
"Central African Republic",2011,Developing,45.7,512,17,41.5,1233,17.9,26,45,51,12,313,9.9,9.9,5.7,524
"Central African Republic",2010,Developing,45.7,51,17,46.1,652,17.5,26,44,47,12.8,286,1,1.1,5.6,525
"Central African Republic",2009,Developing,45.6,58,17,31.6,938,17.2,25,42,44,13.4,254,1.2,1.2,5.4,526
"Central African Republic",2008,Developing,45.6,54,17,33.7,2837,16.8,25,4,4,13.9,243,1.4,1.4,5.3,527
"Central African Republic",2007,Developing,46,49,16,30.8,3207,16.5,25,38,37,14.3,244,1.5,1.5,5.2,528
Chad,2022,Developing,53.1,356,46,0,418,19.1,77,52,46,2.8,777,8.5,8.4,7.3,529
Chad,2021,Developing,52.6,362,46,11.3,1275,18.7,78,44,37,2.9,126,8.7,8.5,7.3,530
Chad,2020,Developing,52.2,366,46,76.5,226,18.2,78,46,39,3.1,986,8.8,8.7,7.3,531
Chad,2019,Developing,51.8,367,46,57.8,120,17.9,79,51,4,3.6,974,9,8.9,7.3,532
Chad,2018,Developing,51.6,365,46,67.8,8650,17.5,79,4,33,3.9,989,9.2,9.1,6.7,533
Chad,2017,Developing,51.2,364,46,43.6,194,17.1,80,43,39,4.1,897,9.4,9.3,6.7,534
Chad,2016,Developing,57,37,46,5,165,16.7,80,32,24,4.4,85,9.6,9.5,6.3,535
Chad,2015,Developing,49.6,394,46,49.1,63,16.4,80,3,19,4.7,930,9.8,9.7,6,536
Chad,2014,Developing,49.4,394,46,6,441,16.1,80,38,28,4.9,82,1,1,5.7,537
Chad,2013,Developing,48.5,414,45,62.7,1594,15.7,80,49,4,5.1,712,1.3,1.2,5.5,538
Chad,2012,Developing,48.6,46,45,8.9,2,15.4,79,37,25,5.2,66,1.5,1.4,5.6,539
Chad,2011,Developing,48.5,45,44,72.4,10324,15.1,78,31,21,5.2,455,1.7,1.6,5.6,540
Chad,2010,Developing,48.4,43,44,4,15801,14.8,77,36,23,5.1,293,1.9,1.8,5.4,541
Chad,2009,Developing,48.1,43,43,3,7277,14.4,76,31,25,5,23,11.1,11,5.1,542
Chad,2008,Developing,48,4,42,26.9,24908,14.1,75,26,26,4.8,197,11.3,11.2,4.9,543
Chad,2007,Developing,47.6,44,41,21.5,3546,13.9,74,3,36,4.6,166,11.5,11.4,4.7,544
Chile,2022,Developing,85,82,2,0,9,63.8,2,96,96,0.1,13653,0.8,0.8,16.3,545
Chile,2021,Developing,83,83,2,2353,0,63.1,2,95,95,0.1,14817,0.8,0.8,16.2,546
Chile,2020,Developing,81,84,2,2442.2,0,62.5,2,9,91,0.1,15941,0.8,0.8,15.6,547
Chile,2019,Developing,79.9,84,2,2260.8,0,61.8,2,9,9,0.1,15432,0.8,0.8,15.5,548
Chile,2018,Developing,79.8,86,2,211.6,6,61.2,2,93,94,0.1,1476,0.8,0.8,15.4,549
Chile,2017,Developing,79.1,89,2,177.5,0,6.6,2,92,92,0.1,1286,0.8,0.9,15.2,550
Chile,2016,Developing,79.3,91,2,181.5,1,59.9,2,94,94,0.1,1243,0.8,0.9,15.3,551
Chile,2015,Developing,79.6,88,2,241.6,0,59.3,2,95,95,0.1,1781,0.9,0.9,15.2,552
Chile,2014,Developing,78.9,9,2,209.5,0,58.7,2,95,96,0.1,1527,0.9,0.9,14.8,553
Chile,2013,Developing,78.9,91,2,1275.7,0,58.1,2,94,94,0.1,9485,0.9,0.9,14.9,554
Chile,2012,Developing,78.4,93,2,955,0,57.4,2,92,91,0.1,7615,0.9,1,14.6,555
Chile,2011,Developing,78,97,2,78.8,0,56.8,2,94,93,0.1,622,0.9,1,14.3,556
Chile,2010,Developing,77.9,1,2,584.1,1,56.1,2,96,96,0.1,4788,1,1,14,557
Chile,2009,Developing,77.8,11,2,675.8,0,55.4,3,97,97,0.1,4464,1,1,13.9,558
Chile,2008,Developing,77.3,16,2,687.5,0,54.7,3,96,97,0.1,4596,1,1,13.7,559
Chile,2007,Developing,77.3,13,2,74.1,0,54,3,91,91,0.1,511,1.1,1.1,13.5,560
China,2022,Developing,76.1,85,157,0,42361,32.9,183,99,99,0.1,869,3.6,2.9,13.5,561
China,2021,Developing,75.8,86,171,109.9,52628,31.9,198,99,99,0.1,7684,3.7,3,13.1,562
China,2020,Developing,75.6,88,185,10,26883,3.9,216,99,99,0.1,778,3.8,3.2,12.7,563
China,2019,Developing,75.4,89,201,94.4,6183,3,233,99,99,0.1,6338,3.9,3.3,12.4,564
China,2018,Developing,75.2,91,215,91.3,9943,29,251,99,99,0.1,5634,4.1,3.5,12.8,565
China,2017,Developing,75,92,231,5.7,38159,28.1,268,99,99,0.1,457,4.2,3.6,12.5,566
China,2016,Developing,74.9,93,248,50.3,52461,27.3,288,99,99,0.1,3838,4.4,3.8,12.2,567
China,2015,Developing,74.5,97,266,39.2,131441,26.5,308,99,97,0.1,3471,4.5,4,11.9,568
China,2014,Developing,74.4,96,285,312.7,109023,25.7,332,94,93,0.1,2695,4.7,4.1,11.4,569
China,2013,Developing,74.2,98,307,29.7,99602,24.9,360,94,93,0.1,299,4.8,4.3,11,570
China,2012,Developing,73.9,99,332,171.7,124219,24.1,392,87,87,0.1,1753,5,4.4,10.6,571
China,2011,Developing,73.5,11,360,1.6,70549,23.4,427,87,87,0.1,159,5.1,4.6,10.2,572
China,2010,Developing,73.1,13,391,122.9,71879,22.6,467,87,86,0.1,1289,5.3,4.7,9.9,573
China,2009,Developing,72.7,16,422,106.4,58341,21.9,511,86,86,0.1,1149,5.5,4.9,9.7,574
China,2008,Developing,72.2,11,457,14.2,88962,21.2,558,86,86,0.1,153,5.7,5,9.6,575
China,2007,Developing,71.7,115,490,17.5,71093,2.5,608,86,85,0.1,959,5.9,5.1,9.5,576
Colombia,2022,Developing,74.8,143,10,0,1,57.9,12,91,91,0.1,645,2.1,1.9,13.6,577
Colombia,2021,Developing,74.6,144,11,1435.5,0,57.2,12,9,9,0.1,7913,2.1,1.9,13.6,578
Colombia,2020,Developing,74.4,145,11,15.2,1,56.4,13,91,91,0.1,84,2.1,1.9,13.3,579
Colombia,2019,Developing,74.3,143,11,1487.9,1,55.7,13,91,91,0.1,7885,2.1,1.9,13.2,580
Colombia,2018,Developing,74.2,144,12,184.3,6,55,14,85,85,0.1,7228,2.2,2,13,581
Colombia,2017,Developing,73.6,15,12,113.2,0,54.2,15,88,88,0.1,626,2.2,2,12.8,582
Colombia,2016,Developing,73.6,15,13,941.6,0,53.5,15,92,92,0.1,5148,2.2,2,12.4,583
Colombia,2015,Developing,73.5,146,14,978.1,0,52.8,16,92,92,0.1,5434,2.3,2,12.2,584
Colombia,2014,Developing,73.5,144,14,780.6,0,52,17,93,93,0.1,4674,2.3,2.1,11.9,585
Colombia,2013,Developing,73.1,147,15,62.4,0,51.3,17,94,93,0.1,380,2.3,2.1,11.5,586
Colombia,2012,Developing,73.1,144,15,532,0,5.5,18,93,93,0.1,3386,2.4,2.1,11.1,587
Colombia,2011,Developing,72.8,148,16,42.2,0,49.8,19,89,89,0.1,274,2.4,2.2,11.3,588
Colombia,2010,Developing,72.4,15,16,417.8,0,49,19,92,92,0.1,2246,2.5,2.2,11.6,589
Colombia,2009,Developing,71.8,163,17,393.9,139,48.2,20,83,81,0.1,2356,2.5,2.3,11.5,590
Colombia,2008,Developing,71.5,165,17,404.4,3,47.5,21,83,8,0.1,2396,2.5,2.3,11.4,591
Colombia,2007,Developing,71.4,167,18,477.1,1,46.7,21,82,79,0.1,2472,2.6,2.3,11.3,592
Comoros,2022,Developing,63.5,227,1,0,0,24.2,2,92,91,0.8,728,6.7,6.5,11.1,593
Comoros,2021,Developing,63.2,23,1,73.9,0,23.7,2,87,87,0.8,853,6.8,6.6,11.1,594
Comoros,2020,Developing,62.9,233,1,61.6,0,23.2,2,85,87,0.8,834,6.8,6.6,10.9,595
Comoros,2019,Developing,62.5,237,2,78.4,1,22.6,2,85,86,0.8,789,6.9,6.7,10.8,596
Comoros,2018,Developing,62.2,241,2,59.7,3,22.1,2,85,83,0.2,830,7,6.8,10.6,597
Comoros,2017,Developing,61.8,246,2,47.3,0,21.6,2,82,74,0.1,769,7.1,6.9,10.5,598
Comoros,2016,Developing,61.3,251,2,57,1,21.1,2,84,83,0.1,779,7.2,7,10.3,599
Comoros,2015,Developing,61,255,2,93.4,0,2.6,2,81,81,0.1,796,7.2,7.1,10.2,600
Comoros,2014,Developing,66,259,2,9.1,0,2.1,2,75,75,0.1,73,7.3,7.2,10,601
Comoros,2013,Developing,63,262,2,77,85,19.6,2,69,69,0.1,648,7.4,7.3,9.9,602
Comoros,2012,Developing,60,266,2,70,912,19.2,2,67,68,0.1,622,7.5,7.4,9.7,603
Comoros,2011,Developing,59.8,269,2,7.2,0,18.8,2,73,76,0.1,616,7.5,7.5,9.5,604
Comoros,2010,Developing,59.6,271,2,45.1,0,18.4,2,8,8,0.1,545,7.6,7.6,9.2,605
Comoros,2009,Developing,59.5,271,2,29.4,0,18,2,98,89,0.1,433,7.7,7.7,8.8,606
Comoros,2008,Developing,59.5,272,1,19.7,0,17.6,2,7,7,0.1,396,7.8,7.8,8.5,607
Comoros,2007,Developing,59.5,272,1,35,0,17.3,2,7,7,0.1,376,7.9,7.9,8.2,608
Congo,2022,Developing,64.7,267,7,0,1359,27.4,10,8,8,2.8,0,7.5,7.1,11.1,609
Congo,2021,Developing,64.2,275,7,0,71,26.8,10,9,9,3,0,7.6,7.3,11.1,610
Congo,2020,Developing,63.9,274,7,0,124,26.2,10,85,85,3,0,7.7,7.4,11.1,611
Congo,2019,Developing,63.7,273,7,0,260,25.6,10,61,85,3.3,0,7.9,7.5,10.2,612
Congo,2018,Developing,62.9,285,7,0,315,25,10,69,82,3.5,0,8,7.6,10.7,613
Congo,2017,Developing,62,298,7,0,4,24.5,10,72,74,3.8,0,8.1,7.7,10.5,614
Congo,2016,Developing,68,314,7,0,1,23.9,11,76,78,4,0,8.3,7.9,10.3,615
Congo,2015,Developing,59.4,338,8,0,2,23.3,11,77,79,4.3,0,8.4,8,10,616
Congo,2014,Developing,58.2,354,8,0,84,22.8,11,71,72,5,0,8.5,8.2,9.8,617
Congo,2013,Developing,56.9,368,8,0,126,22.3,12,73,73,5.5,0,8.7,8.3,9.6,618
Congo,2012,Developing,55.3,394,8,0,146,21.7,13,62,62,5.9,0,8.8,8.5,9.4,619
Congo,2011,Developing,54.1,48,9,0,3524,21.2,13,67,67,6.3,0,9,8.6,9.2,620
Congo,2010,Developing,53.2,417,9,0,3712,2.7,14,5,5,6.8,0,9.1,8.8,9.4,621
Congo,2009,Developing,52.6,424,9,0,2788,2.3,14,41,41,7.2,0,9.3,8.9,9.5,622
Congo,2008,Developing,52.7,419,9,0,2152,19.8,14,32,31,7.6,0,9.4,9,9.7,623
Congo,2007,Developing,52.9,416,9,0,1678,19.3,14,31,33,7.8,0,9.5,9.2,9.8,624
"Cook Islands",2020,Developing,0,0,0,0,0,82.8,0,98,98,0.1,0,0.1,0.1,0,625
"Costa Rica",2022,Developing,79.6,95,1,0,0,6.5,1,92,92,0.1,1146,1.7,1.7,14.2,626
"Costa Rica",2021,Developing,79.5,96,1,384.5,1,59.5,1,91,91,0.1,1647,1.7,1.7,13.9,627
"Costa Rica",2020,Developing,79.4,96,1,386.1,0,58.5,1,95,95,0.1,1570,1.7,1.7,13.7,628
"Costa Rica",2019,Developing,79.2,97,1,2568.2,0,57.5,1,9,91,0.1,9985,1.8,1.7,13.6,629
"Costa Rica",2018,Developing,79,98,1,2429.9,0,56.5,1,82,85,0.1,9187,1.8,1.7,13.4,630
"Costa Rica",2017,Developing,78.1,16,1,2377,0,55.5,1,93,88,0.1,8199,1.8,1.8,13.3,631
"Costa Rica",2016,Developing,79.2,96,1,24.9,0,54.4,1,8,86,0.1,689,1.9,1.8,13.1,632
"Costa Rica",2015,Developing,78.9,99,1,1859.1,0,53.4,1,89,9,0.1,6911,1.9,1.8,12.9,633
"Costa Rica",2014,Developing,78.9,93,1,150.9,0,52.4,1,89,89,0.1,613,1.9,1.9,12.8,634
"Costa Rica",2013,Developing,78,16,1,1185.4,0,51.4,1,89,89,0.1,5245,2,1.9,12.6,635
"Costa Rica",2012,Developing,78.6,97,1,1002.8,1,5.3,1,91,91,0.1,4697,2,2,12.4,636
"Costa Rica",2011,Developing,77.7,12,1,1043.1,0,49.3,1,9,9,0.1,4426,2.1,2,12.2,637
"Costa Rica",2010,Developing,78,1,1,1070.3,1,48.3,1,88,88,0.1,4168,2.2,2.1,12.1,638
"Costa Rica",2009,Developing,78.3,99,1,112.9,0,47.3,1,94,94,0.1,462,2.2,2.2,11.9,639
"Costa Rica",2008,Developing,77.5,1,1,868.4,0,46.4,1,92,91,0.1,3982,2.3,2.2,11.7,640
"Costa Rica",2007,Developing,77.6,98,1,94.2,0,45.4,1,8,88,0.1,388,2.4,2.3,11.6,641
Croatia,2022,Developed,78,95,0,0,206,63.7,0,94,94,0.1,11580,1.5,1.4,15.3,642
Croatia,2021,Developed,77.8,97,0,1884.1,0,63.1,0,95,95,0.1,13468,1.5,1.5,15.1,643
Croatia,2020,Developed,77.7,97,0,1899.1,0,62.5,0,96,96,0.1,13575,1.5,1.5,14.9,644
Croatia,2019,Developed,77.1,14,0,1851.7,2,61.9,0,96,96,0.1,13236,1.5,1.5,14.6,645
Croatia,2018,Developed,77,14,0,1913.4,12,61.3,0,96,96,0.1,14539,1.6,1.5,14.5,646
Croatia,2017,Developed,76.6,16,0,206.9,7,6.6,0,97,97,0.1,1356,1.6,1.6,14.2,647
Croatia,2016,Developed,76.3,19,0,2160.4,2,6,0,96,96,0.1,14157,1.7,1.6,14.2,648
Croatia,2015,Developed,76,116,0,2425.4,51,59.4,0,96,96,0.1,15894,1.7,1.7,14.3,649
Croatia,2014,Developed,75.8,114,0,2019.8,0,58.7,0,96,96,0.1,13547,1.8,1.7,14.3,650
Croatia,2013,Developed,75.9,113,0,1555.7,1,58.1,0,96,96,0.1,11363,1.8,1.8,13.9,651
Croatia,2012,Developed,75.2,116,0,167.2,2,57.5,0,96,96,0.1,1224,1.8,1.8,13.6,652
Croatia,2011,Developed,75.4,114,0,1116.4,54,56.9,0,96,96,0.1,9366,1.9,1.9,13.3,653
Croatia,2010,Developed,74.7,122,0,93.7,19,56.3,0,95,94,0.1,786,1.9,1.9,12.9,654
Croatia,2009,Developed,74.8,124,0,11.6,6,55.8,0,95,95,0.1,654,2,2,12.6,655
Croatia,2008,Developed,74.9,126,0,651,8,55.2,0,94,94,0.1,5245,2,2,12.3,656
Croatia,2007,Developed,74.7,127,0,649.4,9,54.7,0,94,93,0.1,4920,2.1,2.1,12.2,657
Cuba,2022,Developing,79.1,92,1,0,0,61.4,1,99,99,0.1,762,3.5,3.3,13.9,658
Cuba,2021,Developing,79,93,1,13.7,0,6.7,1,99,99,0.1,76,3.4,3.3,14,659
Cuba,2020,Developing,78.7,96,1,95.7,0,59.9,1,99,99,0.1,676,3.4,3.3,14.7,660
Cuba,2019,Developing,78.7,96,1,742.2,0,59.2,1,98,99,0.1,6426,3.4,3.2,15.7,661
Cuba,2018,Developing,78.8,92,1,102.1,0,58.4,1,99,97,0.1,676,3.4,3.2,16.5,662
Cuba,2017,Developing,78,98,1,787.3,0,57.7,1,99,96,0.1,5676,3.4,3.2,17.6,663
Cuba,2016,Developing,78.1,11,1,818.9,0,56.9,1,99,96,0.1,5485,3.4,3.2,17.7,664
Cuba,2015,Developing,77.9,12,1,708.6,0,56.2,1,99,95,0.1,5376,3.4,3.2,17.1,665
Cuba,2014,Developing,78.1,14,1,750.7,0,55.4,1,99,93,0.1,5185,3.4,3.2,16,666
Cuba,2013,Developing,78,14,1,523.5,0,54.6,1,99,89,0.1,4670,3.4,3.2,14.7,667
Cuba,2012,Developing,77.2,19,1,518.9,0,53.8,1,99,89,0.1,3780,3.4,3.3,14.2,668
Cuba,2011,Developing,77.3,17,1,4.5,0,53,1,98,88,0.1,340,3.4,3.3,13.2,669
Cuba,2010,Developing,77.4,18,1,60.3,0,52.1,1,98,72,0.1,3193,3.5,3.3,12.9,670
Cuba,2009,Developing,77.7,19,1,334.8,0,51.3,1,98,99,0.1,2994,3.5,3.3,12.5,671
Cuba,2008,Developing,76.7,115,1,322.6,0,5.4,1,99,98,0.1,2832,3.6,3.4,12.3,672
Cuba,2007,Developing,76.9,115,1,49.3,0,49.4,1,98,95,0.1,2741,3.6,3.4,12.1,673
Cyprus,2022,Developed,85,52,0,0,0,6.3,0,97,97,0.1,2375,1,1,14.3,674
Cyprus,2021,Developed,83,53,0,207.3,10,59.8,0,99,99,0.1,2735,0.9,1,14,675
Cyprus,2020,Developed,81,54,0,212.1,0,59.2,0,99,99,0.1,2798,0.9,1,13.8,676
Cyprus,2019,Developed,80,56,0,2159.8,1,58.7,0,99,99,0.1,28951,0.9,1,13.8,677
Cyprus,2018,Developed,79.7,57,0,2443.3,0,58.3,0,99,99,0.1,32234,0.9,1,13.8,678
Cyprus,2017,Developed,79.5,59,0,283.3,18,57.8,0,99,99,0.1,3819,0.9,1,14.6,679
Cyprus,2016,Developed,79.3,6,0,230.3,0,57.3,0,99,99,0.1,3216,0.9,1,14.1,680
Cyprus,2015,Developed,79.1,62,0,239.6,1,56.8,0,97,97,0.1,3540,0.9,1,13.7,681
Cyprus,2014,Developed,78.9,63,0,1958.5,0,56.3,0,97,97,0.1,31387,0.9,1,13.5,682
Cyprus,2013,Developed,78.8,64,0,1700.8,0,55.8,0,97,97,0.1,27170,0.9,1,13.4,683
Cyprus,2012,Developed,78.7,65,0,1562.5,1,55.3,0,98,98,0.1,25325,0.9,1,13.5,684
Cyprus,2011,Developed,78.6,65,0,1586.7,0,54.8,0,98,98,0.1,23933,0.9,1,13.4,685
Cyprus,2010,Developed,78.5,66,0,158.7,0,54.3,0,98,98,0.1,2294,0.9,1,13,686
Cyprus,2009,Developed,78.4,68,0,1128.1,0,53.8,0,98,98,0.1,16372,0.9,1,12.5,687
Cyprus,2008,Developed,78.2,69,0,100.8,0,53.3,0,97,97,0.1,1563,0.9,1,12.4,688
Cyprus,2007,Developed,78.1,7,0,950.8,0,52.8,0,97,97,0.1,14673,0.9,1,12.5,689
Czechia,2022,Developed,78.8,86,0,0,9,66.1,0,97,97,0.1,0,1.8,1.8,0,690
Czechia,2021,Developed,78.6,88,0,0,222,65.6,0,99,97,0.1,0,1.8,1.9,0,691
Czechia,2020,Developed,78.2,9,0,0,15,65.1,0,99,98,0.1,0,1.8,1.9,0,692
Czechia,2019,Developed,78,93,0,0,22,64.5,0,99,99,0.1,0,1.8,1.9,0,693
Czechia,2018,Developed,77.8,97,0,0,17,64,0,99,99,0.1,0,1.9,1.9,0,694
Czechia,2017,Developed,77.5,99,0,0,0,63.6,0,99,99,0.1,0,1.9,2,0,695
Czechia,2016,Developed,77.1,12,0,0,5,63.1,0,99,99,0.1,0,1.9,2,0,696
Czechia,2015,Developed,77,16,0,0,2,62.6,0,99,99,0.1,0,1.9,2,0,697
Czechia,2014,Developed,76.8,17,0,0,2,62.2,0,99,99,0.1,0,2,2.1,0,698
Czechia,2013,Developed,76.5,19,0,0,7,61.8,0,98,98,0.1,0,2,2.1,0,699
Czechia,2012,Developed,75.9,114,0,0,0,61.3,0,96,97,0.1,0,2.1,2.1,0,700
Czechia,2011,Developed,75.8,116,0,0,17,6.8,0,96,98,0.1,0,2.1,2.2,0,701
Czechia,2010,Developed,75.2,122,0,0,30,6.4,0,97,97,0.1,0,2.2,2.2,0,702
Czechia,2009,Developed,75.3,12,0,0,4,59.9,0,97,98,0.1,0,2.2,2.3,0,703
Czechia,2008,Developed,75.1,123,0,0,6,59.4,0,97,98,0.1,0,2.2,2.3,0,704
Czechia,2007,Developed,74.7,126,0,0,9,59,0,98,98,0.1,0,2.3,2.3,0,705
"Democratic People's Republic of Korea",2022,Developing,76,139,6,0,0,32.9,7,99,96,0.1,0,4.9,4.9,0,706
"Democratic People's Republic of Korea",2021,Developing,73,142,6,0,3,32.4,8,99,93,0.1,0,4.9,4.9,0,707
"Democratic People's Republic of Korea",2020,Developing,71,146,6,0,0,31.8,8,99,93,0.1,0,5,5,0,708
"Democratic People's Republic of Korea",2019,Developing,69.8,149,7,0,0,31.3,9,99,96,0.1,0,5.1,5.1,0,709
"Democratic People's Republic of Korea",2018,Developing,69.4,153,8,0,0,3.8,10,99,94,0.1,0,5.1,5.2,0,710
"Democratic People's Republic of Korea",2017,Developing,69,157,8,0,0,3.3,10,99,93,0.1,0,5.2,5.2,0,711
"Democratic People's Republic of Korea",2016,Developing,68.7,161,9,0,0,29.7,11,98,93,0.1,0,5.3,5.3,0,712
"Democratic People's Republic of Korea",2015,Developing,68.6,164,9,0,8,29.2,12,98,92,0.1,0,5.4,5.4,0,713
"Democratic People's Republic of Korea",2014,Developing,68.5,166,9,0,3550,28.7,12,99,92,0.1,0,5.5,5.5,0,714
"Democratic People's Republic of Korea",2013,Developing,68.5,165,10,0,0,28.2,12,98,89,0.1,0,5.6,5.6,0,715
"Democratic People's Republic of Korea",2012,Developing,68.5,165,10,0,0,27.7,13,97,79,0.1,0,5.7,5.7,0,716
"Democratic People's Republic of Korea",2011,Developing,68.4,165,11,0,0,27.2,14,99,72,0.1,0,5.7,5.7,0,717
"Democratic People's Republic of Korea",2010,Developing,68.1,165,12,0,0,26.7,15,99,68,0.1,0,5.8,5.8,0,718
"Democratic People's Republic of Korea",2009,Developing,67.6,167,14,0,0,26.2,18,99,64,0.1,0,5.9,5.9,0,719
"Democratic People's Republic of Korea",2008,Developing,66.6,177,16,0,0,25.7,21,98,62,0.1,0,5.9,6,0,720
"Democratic People's Republic of Korea",2007,Developing,65.4,192,18,0,0,25.2,25,93,56,0.1,0,6,6,0,721
"Democratic Republic of the Congo",2022,Developing,59.8,258,236,0,5020,21.6,308,78,81,1.1,0,9.5,9.3,0,722
"Democratic Republic of the Congo",2021,Developing,59.3,266,237,0,33711,21.1,312,79,8,1.1,0,9.7,9.5,0,723
"Democratic Republic of the Congo",2020,Developing,58.8,272,238,0,88381,2.6,314,74,74,1.2,0,9.9,9.6,0,724
"Democratic Republic of the Congo",2019,Developing,58.3,277,239,0,72029,2.1,317,76,75,1.5,0,1,9.8,0,725
"Democratic Republic of the Congo",2018,Developing,57.9,278,239,0,133802,19.6,319,77,74,1.6,0,1.2,1,0,726
"Democratic Republic of the Congo",2017,Developing,57.4,283,239,0,5407,19.1,321,76,6,1.6,0,1.4,1.2,0,727
"Democratic Republic of the Congo",2016,Developing,56.7,292,238,0,57,18.6,323,78,72,1.7,0,1.6,1.4,0,728
"Democratic Republic of the Congo",2015,Developing,56.3,295,237,0,12461,18.2,324,64,65,1.8,0,1.8,1.7,0,729
"Democratic Republic of the Congo",2014,Developing,55.7,299,236,0,55577,17.8,326,72,7,1.9,0,11.1,1.9,0,730
"Democratic Republic of the Congo",2013,Developing,55,36,235,0,80123,17.3,327,62,62,2,0,11.3,11.1,0,731
"Democratic Republic of the Congo",2012,Developing,54.3,314,233,0,182485,16.9,329,6,6,2,0,11.5,11.3,0,732
"Democratic Republic of the Congo",2011,Developing,53.5,323,232,0,44934,16.5,330,52,54,2.1,0,11.7,11.5,0,733
"Democratic Republic of the Congo",2010,Developing,52.8,332,231,0,21956,16.1,331,47,41,2.2,0,11.9,11.7,0,734
"Democratic Republic of the Congo",2009,Developing,52.1,341,229,0,30466,15.7,331,4,38,2.4,0,12.1,11.9,0,735
"Democratic Republic of the Congo",2008,Developing,51.8,34,227,0,8072,15.3,332,3,3,2.4,0,12.2,12.1,0,736
"Democratic Republic of the Congo",2007,Developing,51.3,346,226,0,8282,14.9,332,42,4,2.5,0,12.4,12.3,0,737
Denmark,2022,Developed,86,71,0,0,9,58.8,0,93,93,0.1,5315,1.1,0.9,19.2,738
Denmark,2021,Developed,84,73,0,10468.8,27,58.4,0,94,94,0.1,62426,1.1,0.9,19.2,739
Denmark,2020,Developed,81,75,0,10261.8,17,58.1,0,94,94,0.1,61191,1.1,0.9,18.7,740
Denmark,2019,Developed,80,76,0,928.4,2,57.7,0,94,94,0.1,5858,1.1,0.9,18.4,741
Denmark,2018,Developed,79.7,79,0,10251.1,84,57.4,0,91,91,0.1,61754,1.1,0.9,16.9,742
Denmark,2017,Developed,79.2,84,0,954.5,5,57,0,9,9,0.1,5841,1.1,0.9,16.8,743
Denmark,2016,Developed,78.9,86,0,9765.6,6,56.6,0,89,89,0.1,58163,1.1,0.9,16.8,744
Denmark,2015,Developed,78.8,88,0,10761.2,14,56.3,0,88,88,0.1,64323,1.1,0.9,16.8,745
Denmark,2014,Developed,78.4,93,0,9703.1,2,55.9,0,87,87,0.1,58488,1.2,0.9,16.7,746
Denmark,2013,Developed,78.1,93,0,851,27,55.4,0,93,93,0.1,5227,1.2,0.9,16.9,747
Denmark,2012,Developed,78.1,92,0,7627.4,2,55,0,93,93,0.1,48800,1.2,1,16.6,748
Denmark,2011,Developed,77.7,98,0,6948.8,0,54.4,0,95,95,0.1,46512,1.2,1,16.5,749
Denmark,2010,Developed,77.3,11,0,651,0,53.9,0,96,96,0.1,4459,1.2,1,16.3,750
Denmark,2009,Developed,77,14,0,4801.5,32,53.3,0,98,98,0.1,33229,1.2,1,16.6,751
Denmark,2008,Developed,77,12,0,530.5,11,52.8,0,97,97,0.1,3752,1.3,1,16.2,752
Denmark,2007,Developed,76.9,12,0,508.7,14,52.2,0,97,97,0.1,3744,1.3,1,16.5,753
Djibouti,2022,Developing,63.5,241,1,0,47,35,1,84,84,2.1,1862,5.6,5.4,6.3,754
Djibouti,2021,Developing,63,252,1,24.7,0,34.4,1,78,78,2.1,175,5.6,5.4,6.3,755
Djibouti,2020,Developing,62.7,256,1,229.4,28,33.8,2,82,82,2.1,1623,5.6,5.4,6.3,756
Djibouti,2019,Developing,62.2,263,1,217.2,709,33.2,2,81,81,1.9,1536,5.6,5.5,6.3,757
Djibouti,2018,Developing,61.8,268,1,20.4,49,32.7,2,87,87,2.7,144,5.6,5.5,5.9,758
Djibouti,2017,Developing,61.3,273,1,187.5,7,32.2,2,88,88,3.1,1326,5.6,5.6,5.5,759
Djibouti,2016,Developing,69,279,1,177.3,48,31.7,2,89,89,3.2,1254,5.7,5.6,5.3,760
Djibouti,2015,Developing,62,289,1,171.8,143,31.3,2,89,89,3.3,1215,5.7,5.6,5,761
Djibouti,2014,Developing,59.8,296,1,20.9,24,3.9,2,88,88,3.5,148,5.8,5.7,4.5,762
Djibouti,2013,Developing,59.1,39,2,121.5,49,3.6,2,72,72,3.7,966,5.8,5.7,4.3,763
Djibouti,2012,Developing,58.6,318,2,12.7,298,3.2,2,71,71,3.9,95,5.9,5.8,4,764
Djibouti,2011,Developing,58.1,326,2,106,71,29.8,2,64,64,4,864,6,5.9,3.7,765
Djibouti,2010,Developing,58,325,2,94.1,37,29.4,2,68,68,4.2,820,6.1,5.9,3.5,766
Djibouti,2009,Developing,57.9,322,2,13.5,50,29,2,62,62,4.3,792,6.2,6,3.3,767
Djibouti,2008,Developing,57.7,323,2,92.5,79,28.6,2,49,53,4.3,781,6.3,6.1,2.9,768
Djibouti,2007,Developing,57.4,325,2,92,183,28.2,2,46,46,4.1,768,6.4,6.1,2.9,769
Dominica,2020,Developing,0,0,0,11.4,0,58.4,0,96,96,0.1,723,2.7,2.6,12.7,770
"Dominican Republic",2022,Developing,73.9,152,6,0,0,58.9,7,87,85,0.3,6469,3.3,3.2,13.2,771
"Dominican Republic",2021,Developing,73.6,154,6,1088.2,0,57.9,7,9,91,0.3,6269,3.3,3.2,13.2,772
"Dominican Republic",2020,Developing,73.4,157,6,97.5,0,56.8,7,82,83,0.3,628,3.3,3.2,13.2,773
"Dominican Republic",2019,Developing,72.1,174,6,857.1,0,55.8,7,85,85,0.4,5969,3.3,3.2,13.1,774
"Dominican Republic",2018,Developing,73.1,16,6,843.8,2,54.7,7,84,84,0.7,5760,3.3,3.2,13,775
"Dominican Republic",2017,Developing,72.7,166,6,664.6,0,53.6,8,85,88,0.9,5452,3.3,3.3,12.9,776
"Dominican Republic",2016,Developing,73.6,157,6,587.9,0,52.6,8,85,82,1.2,4953,3.4,3.3,12.9,777
"Dominican Republic",2015,Developing,73.3,161,6,49.1,0,51.5,8,86,82,1.4,511,3.4,3.3,12.8,778
"Dominican Republic",2014,Developing,72.9,164,6,74.8,0,5.4,8,86,85,1.6,4647,3.4,3.4,12.7,779
"Dominican Republic",2013,Developing,72.3,178,7,353,0,49.3,8,88,89,1.8,3837,3.5,3.4,12.6,780
"Dominican Republic",2012,Developing,69.7,28,7,289.7,0,48.2,8,86,87,2,3682,3.5,3.4,12.6,781
"Dominican Republic",2011,Developing,69.3,214,7,182.6,0,47.2,8,66,79,2.1,2422,3.6,3.5,12.5,782
"Dominican Republic",2010,Developing,73,22,7,293,0,46.1,8,65,79,2.3,2373,3.6,3.5,12.4,783
"Dominican Republic",2009,Developing,71.4,189,7,4.7,0,45.1,8,74,82,2.4,39,3.7,3.6,12.3,784
"Dominican Republic",2008,Developing,71.2,188,7,340,113,44.1,9,71,72,2.5,2862,3.8,3.6,12.3,785
"Dominican Republic",2007,Developing,72,176,7,44.8,253,43.1,9,71,78,2.5,282,3.8,3.7,12.2,786
Ecuador,2022,Developing,76.2,118,6,0,0,54.2,7,84,78,0.1,626,1.2,1.1,14,787
Ecuador,2021,Developing,76,121,6,79.1,0,53.5,7,84,83,0.1,6432,1.2,1.1,14,788
Ecuador,2020,Developing,76,121,6,59.1,0,52.8,8,87,87,0.1,675,1.3,1.1,13.4,789
Ecuador,2019,Developing,75.5,127,7,41.9,72,52.1,8,85,87,0.1,572,1.3,1.2,13.3,790
Ecuador,2018,Developing,75.3,131,7,344.7,257,51.4,8,85,88,0.1,5223,1.3,1.2,13.2,791
Ecuador,2017,Developing,75,134,7,367.9,0,5.7,8,88,91,0.1,4657,1.3,1.2,13.1,792
Ecuador,2016,Developing,75.1,137,7,282.1,0,5,8,91,94,0.1,4256,1.3,1.2,13.1,793
Ecuador,2015,Developing,74.6,139,7,197.9,1,49.3,9,94,96,0.1,4275,1.3,1.2,13,794
Ecuador,2014,Developing,74.7,14,7,19.6,0,48.6,9,95,96,0.2,360,1.4,1.3,12.9,795
Ecuador,2013,Developing,74.4,144,8,19.1,0,47.9,9,92,96,0.3,336,1.4,1.3,12.8,796
Ecuador,2012,Developing,74.2,151,8,18.1,0,47.2,9,89,92,0.3,322,1.4,1.3,12.8,797
Ecuador,2011,Developing,74.4,148,8,16.4,0,46.5,9,9,88,0.3,279,1.5,1.3,12.7,798
Ecuador,2010,Developing,74.4,151,8,18.3,0,45.8,10,97,87,0.3,245,1.5,1.4,12.6,799
Ecuador,2009,Developing,73.6,157,8,187.4,0,45.1,10,88,88,0.3,2184,1.5,1.4,12.5,800
Ecuador,2008,Developing,73.4,158,9,14.6,2,44.3,10,9,89,0.3,194,1.6,1.5,12.4,801
Ecuador,2007,Developing,72.8,163,9,84.2,0,43.6,11,83,87,0.3,1451,1.6,1.5,12.4,802
Egypt,2022,Developing,79,159,51,0,5432,61.1,60,93,93,0.1,0,2.8,2.8,13.1,803
Egypt,2021,Developing,78,161,53,0,1314,6.2,62,94,94,0.1,0,2.8,2.8,13.1,804
Egypt,2020,Developing,79,159,54,0,405,59.4,63,97,97,0.1,0,2.9,2.8,12.8,805
Egypt,2019,Developing,72,165,54,0,245,58.6,64,93,93,0.1,0,2.9,2.8,12.4,806
Egypt,2018,Developing,74,168,55,0,26,57.8,64,96,96,0.1,0,2.9,2.9,12.4,807
Egypt,2017,Developing,70,173,54,0,16,57,64,97,97,0.1,0,3,2.9,12.2,808
Egypt,2016,Developing,69.9,174,54,0,608,56.2,64,97,97,0.1,0,3,3,12,809
Egypt,2015,Developing,69.8,172,54,0,668,55.5,65,97,97,0.1,0,3.1,3,11.9,810
Egypt,2014,Developing,69.7,171,55,0,1684,54.8,65,98,98,0.1,0,3.1,3.1,11.7,811
Egypt,2013,Developing,69.5,175,55,0,953,54.2,66,98,98,0.1,0,3.2,3.1,11.5,812
Egypt,2012,Developing,69.4,174,56,0,77,53.5,68,98,98,0.1,0,3.2,3.2,11.4,813
Egypt,2011,Developing,69,176,57,0,80,52.9,70,97,97,0.1,0,3.3,3.2,11.2,814
Egypt,2010,Developing,68.6,178,59,0,164,52.3,72,98,98,0.1,0,3.3,3.3,11.3,815
Egypt,2009,Developing,68.7,177,61,0,653,51.8,75,97,97,0.1,0,3.4,3.4,11.2,816
Egypt,2008,Developing,68.6,177,63,0,2150,51.2,78,99,99,0.1,0,3.5,3.4,11.1,817
Egypt,2007,Developing,68.8,171,65,0,2633,5.7,82,98,98,0.1,0,3.6,3.5,11,818
"El Salvador",2022,Developing,73.5,178,2,0,0,56.1,2,92,91,0.2,4127,1.6,1.5,13.2,819
"El Salvador",2021,Developing,73.3,181,2,665.7,0,55.4,2,93,94,0.2,3989,1.6,1.6,13.2,820
"El Salvador",2020,Developing,73,184,2,653.7,0,54.7,2,92,92,0.2,3896,1.6,1.6,13.2,821
"El Salvador",2019,Developing,73,181,2,591.8,0,54.1,2,93,92,0.3,3828,1.6,1.6,13.2,822
"El Salvador",2018,Developing,72,197,2,549.3,0,53.4,2,9,89,0.3,3737,1.7,1.6,13,823
"El Salvador",2017,Developing,72,191,2,469.4,0,52.8,2,89,89,0.3,3474,1.7,1.6,12.9,824
"El Salvador",2016,Developing,71.4,23,2,416.4,0,52.1,2,91,91,0.3,3367,1.7,1.6,12.8,825
"El Salvador",2015,Developing,71.7,194,2,54,0,51.4,3,98,98,0.3,357,1.8,1.7,13.4,826
"El Salvador",2014,Developing,71.2,23,2,52.3,0,5.8,3,99,99,0.3,335,1.8,1.7,12.9,827
"El Salvador",2013,Developing,75,211,3,57.7,0,5.1,3,96,96,0.2,363,1.8,1.7,12.9,828
"El Salvador",2012,Developing,71,213,3,440.6,0,49.4,3,89,89,0.2,2835,1.9,1.8,12.7,829
"El Salvador",2011,Developing,70,215,3,398.6,0,48.6,3,9,9,0.3,2633,1.9,1.8,12.4,830
"El Salvador",2010,Developing,69.9,29,3,400.1,0,47.8,4,93,94,0.3,2520,2,1.9,12,831
"El Salvador",2009,Developing,73,24,3,29.7,0,47,4,81,81,0.4,248,2,1.9,11.8,832
"El Salvador",2008,Developing,68.9,219,4,332.1,2,46.2,4,94,92,0.4,2339,2.1,2,11.6,833
"El Salvador",2007,Developing,69,218,4,353.7,0,45.3,5,98,99,0.4,2238,2.1,2,11.3,834
"Equatorial Guinea",2022,Developing,58.2,32,3,0,1250,24.5,4,17,16,4.2,1347,8.4,8.3,9.2,835
"Equatorial Guinea",2021,Developing,57.9,32,3,13.4,13,24,4,24,2,4.4,193,8.5,8.4,9.2,836
"Equatorial Guinea",2020,Developing,57.4,327,3,156.4,321,23.5,4,3,3,5.7,2247,8.6,8.6,9.2,837
"Equatorial Guinea",2019,Developing,56.7,337,3,1500.4,1190,23,4,3,24,8.2,21558,8.7,8.7,9.2,838
"Equatorial Guinea",2018,Developing,56.2,344,3,1493.1,0,22.6,4,39,41,7.7,21452,8.9,8.8,9.2,839
"Equatorial Guinea",2017,Developing,56.1,339,3,1192.7,0,22.1,4,59,44,7.2,17136,9,9,9.2,840
"Equatorial Guinea",2016,Developing,55.7,34,3,115.1,78,21.7,4,57,43,7.3,1653,9.2,9.2,9.1,841
"Equatorial Guinea",2015,Developing,55.4,338,3,1705.7,436,21.3,4,55,42,6.3,22742,9.3,9.3,9.1,842
"Equatorial Guinea",2014,Developing,55,339,3,1024.5,5,2.9,4,54,41,5.9,15762,9.5,9.5,9,843
"Equatorial Guinea",2013,Developing,54.8,337,3,827.6,0,2.5,4,52,4,5.3,12732,9.7,9.6,9,844
"Equatorial Guinea",2012,Developing,54.4,337,3,12.1,0,2.2,4,5,39,4.9,186,9.8,9.8,8.7,845
"Equatorial Guinea",2011,Developing,54.1,336,3,44.5,38,19.8,4,48,38,4.4,685,1,1,8.5,846
"Equatorial Guinea",2010,Developing,53.8,334,3,309.8,18,19.5,4,46,37,3.6,3577,1.2,1.1,8.4,847
"Equatorial Guinea",2009,Developing,53.5,334,3,234.8,24,19.1,4,44,36,2.9,2711,1.4,1.3,8.2,848
"Equatorial Guinea",2008,Developing,53.1,334,3,197.8,1339,18.7,4,43,35,2.3,2284,1.6,1.4,8,849
"Equatorial Guinea",2007,Developing,52.7,336,3,15,0,18.3,4,41,34,1.9,173,1.7,1.6,0,850
Eritrea,2022,Developing,64.7,255,5,0,198,18.6,7,95,95,0.4,0,8.4,8.2,5,851
Eritrea,2021,Developing,64.4,261,5,0,127,18,8,94,94,0.4,0,8.5,8.3,5,852
Eritrea,2020,Developing,64,266,6,0,45,17.5,8,94,94,0.5,0,8.6,8.4,5,853
Eritrea,2019,Developing,63.6,274,6,0,194,17,8,94,94,0.6,0,8.7,8.6,5,854
Eritrea,2018,Developing,62.9,286,6,21,48,16.5,8,96,96,0.7,583,8.8,8.7,5,855
Eritrea,2017,Developing,62.1,298,6,17.4,51,16,9,9,9,0.9,482,8.9,8.8,5.1,856
Eritrea,2016,Developing,61.4,311,6,1.6,82,15.5,9,92,92,1,44,9,8.9,5.2,857
Eritrea,2015,Developing,67,322,6,11.8,0,15.1,9,94,94,1.1,327,9.1,9.1,5.2,858
Eritrea,2014,Developing,62,329,6,11.4,55,14.7,9,91,91,1.3,317,9.2,9.2,5.3,859
Eritrea,2013,Developing,59.7,336,7,10.6,128,14.3,9,94,94,1.4,298,9.3,9.3,5.3,860
Eritrea,2012,Developing,59.4,34,7,5.1,19,13.9,9,96,96,1.6,277,9.4,9.5,5.4,861
Eritrea,2011,Developing,59.1,342,7,10.3,24,13.6,10,98,98,1.8,287,9.6,9.6,5,862
Eritrea,2010,Developing,58.8,343,7,6.9,376,13.3,10,95,93,1.9,233,9.7,9.7,4.7,863
Eritrea,2009,Developing,58.5,343,7,0.7,460,13.1,10,92,9,1.9,22,9.9,9.9,4.4,864
Eritrea,2008,Developing,58.1,345,7,5.6,204,12.8,10,89,86,2,215,1,1,4.3,865
Eritrea,2007,Developing,45.3,593,7,0.7,789,12.6,10,82,81,1.9,28,1.2,1.1,3.9,866
Estonia,2022,Developing,77.6,119,0,0,4,59.9,0,93,93,0.1,1775,1.9,1.9,16.5,867
Estonia,2021,Developing,77.3,122,0,2700.1,0,59.4,0,93,93,0.1,19942,1.9,1.9,16.5,868
Estonia,2020,Developing,76.9,127,0,261.3,2,59,0,94,94,0.1,1930,1.9,1.9,16.5,869
Estonia,2019,Developing,76.3,135,0,2263.1,4,58.5,0,94,94,0.1,17422,1.9,1.9,16.5,870
Estonia,2018,Developing,76.1,138,0,2146.9,7,58,0,93,93,0.1,17455,1.9,2,16.4,871
Estonia,2017,Developing,75.6,137,0,1802,0,57.6,0,94,94,0.1,14639,1.9,2,16.2,872
Estonia,2016,Developing,74.9,156,0,1717.1,0,57.1,0,95,95,0.1,14726,2,2,16.1,873
Estonia,2015,Developing,74.2,167,0,225.1,0,56.7,0,95,95,0.1,1895,2,2.1,16.1,874
Estonia,2014,Developing,73,189,0,1904.1,1,56.3,0,95,95,0.1,16587,2,2.1,16.1,875
Estonia,2013,Developing,73,188,0,244.4,27,55.9,0,95,95,0.1,12595,2.1,2.2,16.1,876
Estonia,2012,Developing,72.8,189,0,153.5,2,55.5,0,96,96,0.1,1338,2.1,2.2,15.9,877
Estonia,2011,Developing,72.3,195,0,101.1,0,55.2,0,95,94,0.1,886,2.2,2.3,15.7,878
Estonia,2010,Developing,71.9,199,0,132.7,0,54.9,0,95,94,0.1,7174,2.2,2.3,15.6,879
Estonia,2009,Developing,71.2,211,0,7.8,0,54.6,0,94,94,0.1,538,2.3,2.4,15.4,880
Estonia,2008,Developing,78,225,0,88.6,0,54.3,0,94,94,0.1,4499,2.4,2.5,15,881
Estonia,2007,Developing,78,218,0,5.3,9,54,0,93,93,0.1,47,2.5,2.5,14.4,882
Ethiopia,2022,Developing,64.8,225,136,0,17745,17.6,194,75,77,0.6,646,1.4,1.2,8.4,883
Ethiopia,2021,Developing,64.2,234,140,90,12739,17.2,202,75,77,0.6,571,1.5,1.3,8.4,884
Ethiopia,2020,Developing,63.7,237,145,8.3,5253,16.8,211,7,72,0.9,52,1.6,1.4,8.4,885
Ethiopia,2019,Developing,63.3,241,150,86.8,4347,16.4,221,7,69,1.2,469,1.7,1.5,8.4,886
Ethiopia,2018,Developing,62.6,249,156,67.8,3255,16,231,7,65,1.4,355,1.9,1.6,8.2,887
Ethiopia,2017,Developing,61.8,261,162,67.7,4235,15.6,243,69,61,1.7,341,11,1.7,8.1,888
Ethiopia,2016,Developing,68,274,169,53.8,1176,15.3,256,65,58,2,380,11.1,1.8,8.1,889
Ethiopia,2015,Developing,59.8,289,177,38.6,3511,14.9,270,63,54,2.4,325,11.2,1.9,7.6,890
Ethiopia,2014,Developing,58.5,39,186,30.5,1446,14.5,286,61,5,2.8,243,11.3,11,7.1,891
Ethiopia,2013,Developing,57.2,328,196,22.2,1451,14.2,304,59,46,3.3,194,11.4,11.1,6.6,892
Ethiopia,2012,Developing,56,343,206,18,357,13.8,323,56,44,3.7,162,11.5,11.2,5.8,893
Ethiopia,2011,Developing,55,354,217,1.5,73,13.5,342,54,4,4.1,136,11.5,11.3,5.4,894
Ethiopia,2010,Developing,54,363,228,11,228,13.2,360,55,37,4.4,119,11.6,11.5,5.2,895
Ethiopia,2009,Developing,53.2,369,237,10.8,3332,12.9,377,55,35,4.6,111,11.7,11.6,4.9,896
Ethiopia,2008,Developing,52.5,372,246,1.2,2366,12.6,392,55,32,4.9,12,11.8,11.7,4.3,897
Ethiopia,2007,Developing,51.2,391,253,11.6,1660,12.3,404,55,3,5,124,11.9,11.8,3.9,898
Fiji,2022,Developing,69.9,188,0,0,0,62.7,0,99,99,0.1,4922,4,3.7,15.3,899
Fiji,2021,Developing,69.7,19,0,50.5,0,61.9,0,99,99,0.1,546,4,3.7,15.2,900
Fiji,2020,Developing,69.6,192,0,460.6,0,61.1,0,99,99,0.1,4764,4,3.7,15,901
Fiji,2019,Developing,69.4,195,0,431.5,0,6.2,0,99,99,0.1,4547,4,3.7,14.9,902
Fiji,2018,Developing,69.2,197,0,401.8,0,59.5,0,99,99,0.1,4353,4,3.7,14.7,903
Fiji,2017,Developing,69.1,2,0,62.1,0,58.7,0,99,99,0.1,3652,4,3.7,14.6,904
Fiji,2016,Developing,68.9,23,0,60.7,1,58,0,99,99,0.1,3370,4,3.7,14.5,905
Fiji,2015,Developing,68.7,26,0,81,0,57.3,0,99,99,0.1,4178,4,3.7,14.3,906
Fiji,2014,Developing,68.6,29,0,5.9,0,56.6,0,99,99,0.1,479,4.1,3.8,14.2,907
Fiji,2013,Developing,68.5,211,0,52.1,136,55.9,0,98,98,0.1,3750,4.1,3.8,14,908
Fiji,2012,Developing,68.3,214,0,64.4,0,55.1,0,97,96,0.1,3659,4.1,3.8,13.9,909
Fiji,2011,Developing,68.1,218,0,44,37,54.2,0,96,95,0.1,3333,4.2,3.9,13.4,910
Fiji,2010,Developing,68,22,0,253.8,305,53.2,0,95,94,0.1,2836,4.2,3.9,13.3,911
Fiji,2009,Developing,67.9,22,0,206.1,304,52.2,0,94,93,0.1,2260,4.2,3.9,13.3,912
Fiji,2008,Developing,67.8,221,0,20.7,17,51.2,0,92,91,0.1,239,4.3,4,13.2,913
Fiji,2007,Developing,67.7,221,0,31.3,0,5.2,0,91,9,0.1,276,4.3,4,13.1,914
Finland,2022,Developing,81.1,76,0,0,2,62.1,0,97,97,0.1,4245,0.9,0.8,17,915
Finland,2021,Developing,89,78,0,6164.5,0,61.7,0,98,98,0.1,49915,0.9,0.8,17,916
Finland,2020,Developing,87,79,0,6115.5,2,61.4,0,98,98,0.1,49639,0.9,0.8,17,917
Finland,2019,Developing,84,82,0,5889,0,61,0,99,99,0.1,47416,0.9,0.8,17,918
Finland,2018,Developing,83,86,0,71,27,6.6,0,99,99,0.1,580,0.9,0.8,16.9,919
Finland,2017,Developing,79.9,89,0,591.7,5,6.2,0,99,99,0.1,4622,0.9,0.8,16.8,920
Finland,2016,Developing,79.7,91,0,579.7,2,59.8,0,99,99,0.1,4717,0.9,0.8,17,921
Finland,2015,Developing,79.6,94,0,678.9,5,59.4,0,97,99,0.1,5341,0.9,0.8,17.1,922
Finland,2014,Developing,79.3,96,0,6147.1,0,59,0,97,99,0.1,48289,0.9,0.8,17.2,923
Finland,2013,Developing,79.2,96,0,524.8,0,58.6,0,97,97,0.1,4113,0.9,0.8,17.2,924
Finland,2012,Developing,78.9,11,0,4816.6,1,58.1,0,97,97,0.1,38969,0.9,0.8,17.1,925
Finland,2011,Developing,78.7,12,0,4508.8,0,57.6,0,96,98,0.1,37636,0.9,0.8,18.3,926
Finland,2010,Developing,78.4,98,0,3869,0,57.1,0,96,98,0.1,32816,0.9,0.8,18.1,927
Finland,2009,Developing,78.1,98,0,3099.4,0,56.6,0,95,98,0.1,26834,0.9,0.8,18,928
Finland,2008,Developing,78,1,0,2775.3,1,56.1,0,95,98,0.1,24913,0.9,0.8,17.7,929
Finland,2007,Developing,77.5,15,0,397.8,0,55.5,0,96,99,0.1,24253,0.9,0.9,17.3,930
France,2022,Developing,82.4,78,2,0,157,62.5,3,98,98,0.1,36527,0.7,0.6,16.3,931
France,2021,Developing,82.2,79,3,6739.7,267,62,3,98,98,0.1,42955,0.6,0.6,16.2,932
France,2020,Developing,82,81,3,6647,272,61.6,3,99,99,0.1,42554,0.6,0.6,16.2,933
France,2019,Developing,81.5,83,3,751.4,0,61.1,3,99,99,0.1,4838,0.6,0.6,16.1,934
France,2018,Developing,81.7,83,3,683.9,14949,6.6,3,99,99,0.1,4381,0.6,0.6,16.1,935
France,2017,Developing,81.3,86,3,72.8,5048,6.1,3,99,99,0.1,473,0.6,0.6,16,936
France,2016,Developing,81.1,88,3,6415.4,1541,59.6,3,98,98,0.1,41631,0.6,0.6,16,937
France,2015,Developing,89,88,3,7002.8,604,59.1,3,98,98,0.1,45414,0.6,0.6,16.1,938
France,2014,Developing,89,89,3,64.7,39,58.6,3,99,98,0.1,417,0.6,0.6,16.1,939
France,2013,Developing,86,92,3,5690,40,58,4,99,99,0.1,36545,0.6,0.6,16.1,940
France,2012,Developing,81,93,3,5451.7,36,57.5,4,98,98,0.1,34880,0.6,0.6,15.5,941
France,2011,Developing,82,94,3,5291.2,4448,57,4,99,98,0.1,33875,0.6,0.6,15.5,942
France,2010,Developing,79.3,99,3,4572.4,0,56.4,4,96,97,0.1,29691,0.6,0.6,15.4,943
France,2009,Developing,79.2,11,3,3779.7,5185,55.8,4,97,97,0.1,24275,0.7,0.6,15.5,944
France,2008,Developing,79,13,3,3451.2,0,55.2,4,98,97,0.1,22527,0.7,0.6,15.6,945
France,2007,Developing,78.8,13,3,3410.3,10000,54.6,4,98,97,0.1,22466,0.7,0.6,15.7,946
Gabon,2022,Developing,66,229,2,0,27,36.3,3,79,8,2.7,7389,6.1,5.9,12.6,947
Gabon,2021,Developing,65.5,237,2,715.3,33,35.8,3,68,7,2.8,9692,6.1,6,12.6,948
Gabon,2020,Developing,64.6,255,2,154.9,122,35.2,3,77,79,3.7,9680,6.2,6.1,12.5,949
Gabon,2019,Developing,63.5,276,2,805.4,2,34.6,3,8,82,4.9,9774,6.3,6.2,12.5,950
Gabon,2018,Developing,62.8,289,2,133.5,2,34.1,3,75,75,6,1716,6.4,6.3,12.5,951
Gabon,2017,Developing,62.3,294,2,145.3,1,33.5,3,68,67,7,8754,6.5,6.4,12.5,952
Gabon,2016,Developing,61.7,31,2,52.3,0,33,3,74,76,8,764,6.7,6.5,12.4,953
Gabon,2015,Developing,61.6,298,2,11.1,3,32.4,3,81,82,8.9,194,6.8,6.6,12.4,954
Gabon,2014,Developing,61.6,291,2,545.4,0,31.9,3,78,81,10,8353,6.9,6.8,12.4,955
Gabon,2013,Developing,61.4,288,2,40.5,90,31.4,3,44,45,10.7,728,7.1,6.9,12.4,956
Gabon,2012,Developing,65,37,2,353.2,0,3.8,3,44,45,10.9,6741,7.2,7.1,12.4,957
Gabon,2011,Developing,59.7,322,2,443.5,63,3.3,3,44,45,11.1,5686,7.4,7.2,12.3,958
Gabon,2010,Developing,59.7,32,2,352.2,0,29.8,3,44,45,11,4892,7.5,7.4,12.3,959
Gabon,2009,Developing,59.7,315,2,22.7,110,29.2,3,44,45,10.7,413,7.7,7.5,12.3,960
Gabon,2008,Developing,59.8,37,2,183.7,5129,28.7,3,44,45,10.1,3976,7.8,7.7,12.3,961
Gabon,2007,Developing,61,296,2,218.2,15,28.1,3,44,45,9.5,4117,8,7.8,12.2,962
Gambia,2022,Developing,61.1,262,3,0,71,27.3,5,96,97,1.7,0,7.3,7.2,8.9,963
Gambia,2021,Developing,68,266,3,0,1,26.7,5,97,96,1.7,0,7.5,7.3,8.9,964
Gambia,2020,Developing,66,266,3,0,0,26,5,96,97,1.6,0,7.6,7.5,8.9,965
Gambia,2019,Developing,62,269,3,0,0,25.4,5,98,98,1.4,0,7.8,7.7,8.8,966
Gambia,2018,Developing,59.8,277,3,0,0,24.8,5,95,96,1.8,0,8,7.9,8.7,967
Gambia,2017,Developing,59.3,284,3,0,2,24.1,6,97,97,2.1,0,8.2,8.1,8.8,968
Gambia,2016,Developing,59,286,3,0,0,23.5,6,97,98,2.7,0,8.4,8.3,8.9,969
Gambia,2015,Developing,58.7,287,3,0,0,22.8,6,96,96,3,0,8.6,8.5,8.6,970
Gambia,2014,Developing,58.5,288,3,0,0,22.2,6,94,95,3.1,0,8.8,8.7,8.4,971
Gambia,2013,Developing,58.2,288,3,0,0,21.5,6,94,95,3,0,9,8.9,8.1,972
Gambia,2012,Developing,57.7,294,3,0,0,2.9,6,94,95,3,0,9.2,9.1,7.8,973
Gambia,2011,Developing,57.3,296,3,0,0,2.3,6,88,87,2.9,0,9.4,9.3,7.6,974
Gambia,2010,Developing,57,297,3,0,119,19.7,6,87,87,2.7,0,9.6,9.6,7.3,975
Gambia,2009,Developing,56.6,298,3,0,32,19.1,6,86,87,2.5,0,9.8,9.8,7,976
Gambia,2008,Developing,56.3,3,3,0,99,18.5,6,85,87,2.3,0,1,1,6.8,977
Gambia,2007,Developing,55.9,33,3,0,336,18,6,84,8,2,0,1.2,1.2,6.5,978
Georgia,2022,Developing,74.4,129,1,0,431,56.2,1,91,94,0.1,3765,2.7,2.8,13.9,979
Georgia,2021,Developing,74.5,125,1,221.5,3188,55.3,1,91,91,0.1,4430,2.7,2.8,13.5,980
Georgia,2020,Developing,74.5,128,1,180.4,7872,54.4,1,94,93,0.1,4274,2.7,2.8,13.5,981
Georgia,2019,Developing,74.2,13,1,158.3,31,53.6,1,93,92,0.1,4143,2.6,2.8,13.4,982
Georgia,2018,Developing,73.9,127,1,198.9,64,52.8,1,88,94,0.1,3726,2.6,2.8,13.3,983
Georgia,2017,Developing,73.8,132,1,194.2,22,52,1,88,92,0.1,2965,2.6,2.8,13.3,984
Georgia,2016,Developing,73.2,133,1,18.5,23,51.3,1,93,88,0.1,277,2.6,2.8,12.8,985
Georgia,2015,Developing,73.9,128,1,151.8,56,5.5,1,9,92,0.1,3175,2.6,2.8,13.1,986
Georgia,2014,Developing,74.4,12,1,106.2,44,49.9,1,88,98,0.1,2492,2.7,2.9,12.5,987
Georgia,2013,Developing,73.9,126,1,110.1,334,49.2,1,89,88,0.1,1873,2.7,2.9,12.6,988
Georgia,2012,Developing,73.9,128,1,9.4,1356,48.6,1,82,82,0.1,154,2.8,2.9,12.2,989
Georgia,2011,Developing,72.3,134,1,7.1,6847,48.1,1,66,78,0.1,127,2.8,3,12,990
Georgia,2010,Developing,72.7,132,1,70.5,216,47.5,2,74,75,0.1,928,2.9,3,11.8,991
Georgia,2009,Developing,71.7,142,2,60.6,199,47,2,89,84,0.1,779,2.9,3,11.8,992
Georgia,2008,Developing,73,121,2,57.1,35,46.5,2,83,87,0.1,734,3,3.1,11.7,993
Georgia,2007,Developing,71.8,129,2,47.8,50,46,2,81,8,0.1,692,3.1,3.1,11.4,994
Germany,2022,Developed,81,68,2,0,2464,62.3,3,94,95,0.1,41177,1.1,1.1,17.1,995
Germany,2021,Developed,89,69,2,941.8,443,61.9,3,94,95,0.1,4793,1.1,1.1,17,996
Germany,2020,Developed,86,71,2,895.9,1771,61.4,3,94,95,0.1,4654,1.1,1.1,16.9,997
Germany,2019,Developed,86,71,2,839.9,166,6.9,3,94,95,0.1,4465,1.1,1.1,16.9,998
Germany,2018,Developed,85,74,2,869.8,1607,6.4,3,94,95,0.1,4681,1.1,1.1,16.8,999
Germany,2017,Developed,81,76,2,7584.1,780,59.9,3,94,95,0.1,41786,1.1,1.1,16.7,1000
